video,short-term_memorability,nb_short-term_annotations,long-term_memorability,nb_long-term_annotations
7494,0.8573799999999997,33,0.7727400000000003,12
7495,0.8305800000000002,34,0.8029299999999998,10
7496,0.8719400000000003,32,0.7828400000000003,13
7497,0.8963699999999996,33,0.7646,10
7498,0.7888400000000001,33,0.7248300000000001,10
7499,0.89557,33,0.81586,13
7500,0.8963000000000001,33,0.8226199999999997,10
7502,0.8627999999999999,43,0.79067,15
7503,0.8864799999999998,33,0.7805800000000002,11
7504,0.86875,33,0.77925,15
7505,0.8629399999999999,38,0.7846599999999999,10
7506,0.8246600000000002,34,0.77146,10
7507,0.83577,34,0.7024499999999999,12
7508,0.86663,33,0.7814100000000004,14
7510,0.8897300000000002,33,0.82443,11
7511,0.8850999999999997,34,0.7893799999999996,18
7513,0.85308,34,0.7767199999999999,19
7515,0.8814400000000002,33,0.7752199999999998,13
7516,0.8899699999999998,34,0.7962099999999996,11
7517,0.78783,33,0.75731,13
7518,0.8502300000000002,33,0.73958,10
7519,0.8628899999999998,32,0.77741,10
7520,0.8723600000000004,33,0.7872299999999999,14
7521,0.8847800000000003,34,0.8017500000000004,14
7522,0.8765999999999995,33,0.8215499999999999,16
7523,0.8992999999999999,34,0.8373199999999998,14
7524,0.8499999999999999,50,0.7672000000000001,22
7525,0.8878900000000006,42,0.8237000000000003,10
7526,0.8409900000000001,31,0.7487999999999999,20
7527,0.8807099999999997,33,0.8103299999999999,17
7528,0.8655799999999999,32,0.78571,10
7530,0.8677800000000002,34,0.78964,11
7531,0.8867300000000001,33,0.8023600000000001,14
7532,0.8345400000000002,33,0.7808900000000001,14
7533,0.8918299999999999,34,0.7967600000000004,9
7534,0.8501299999999999,34,0.7688299999999998,10
7535,0.8784999999999995,34,0.7909400000000001,10
7536,0.84221,46,0.7197800000000002,11
7538,0.8985999999999998,34,0.8201100000000001,10
7539,0.8694700000000003,32,0.7974499999999997,10
7540,0.8716500000000003,33,0.8037300000000003,10
7541,0.8554499999999998,35,0.7419,10
7542,0.8947900000000004,33,0.8170700000000001,12
7543,0.83297,33,0.7879300000000002,12
7544,0.8472700000000002,34,0.7064499999999999,11
7545,0.8767800000000008,33,0.7817700000000002,13
7546,0.8597899999999998,34,0.7929600000000002,14
7548,0.8859499999999997,38,0.79624,9
7549,0.8643000000000002,34,0.8074300000000002,13
7550,0.8939199999999995,56,0.8032599999999998,21
7552,0.7843299999999997,32,0.74286,16
7554,0.8876599999999998,51,0.7528400000000002,24
7555,0.82504,55,0.7353300000000002,13
7556,0.8979499999999999,33,0.7557299999999999,19
7558,0.7887800000000003,33,0.7860600000000002,16
7560,0.86384,33,0.7676899999999999,12
7562,0.8635599999999998,33,0.78583,10
7563,0.8975999999999996,32,0.8109999999999998,16
7565,0.8755799999999997,34,0.7909399999999998,10
7566,0.88371,34,0.80779,13
7567,0.8326000000000002,32,0.7613099999999998,12
7568,0.9004900000000002,34,0.8075600000000001,13
7569,0.8458900000000006,43,0.7598199999999999,10
7571,0.8799499999999998,32,0.8159100000000001,11
7572,0.8914499999999999,34,0.7874699999999997,11
7573,0.88322,37,0.7926700000000001,11
7574,0.7871299999999999,36,0.6945499999999997,12
7575,0.8411900000000001,34,0.77414,14
7576,0.8648100000000005,33,0.8038199999999999,12
7578,0.8686300000000001,47,0.7858699999999998,11
7579,0.8678299999999999,33,0.7692399999999999,15
7580,0.8344799999999999,33,0.7612399999999999,17
7581,0.8903299999999998,33,0.8194399999999997,14
7582,0.90484,34,0.8076599999999999,10
7584,0.86037,34,0.7838300000000001,10
7585,0.8874300000000004,41,0.82517,16
7587,0.8952300000000002,33,0.7901199999999997,16
7588,0.8691600000000004,76,0.7854399999999999,16
7589,0.8496000000000001,35,0.7717300000000002,11
7590,0.8957999999999998,58,0.78938,13
7591,0.8839799999999995,34,0.78333,10
7592,0.8173100000000001,33,0.70486,11
7593,0.8296400000000003,33,0.7179899999999997,15
7596,0.88164,33,0.7864699999999999,12
7597,0.89518,33,0.76664,11
7598,0.8337999999999998,32,0.72753,11
7599,0.8453100000000003,32,0.7856899999999999,14
7600,0.8577599999999999,34,0.7745299999999997,9
7602,0.8849099999999999,33,0.81867,10
7603,0.8467100000000005,34,0.7330800000000001,24
7604,0.8800699999999999,42,0.75831,10
7605,0.8935600000000002,39,0.8050099999999997,11
7606,0.8617700000000004,34,0.7576700000000003,10
7607,0.8199700000000004,33,0.79781,12
7608,0.8822000000000009,36,0.8059999999999999,12
7609,0.8629400000000002,33,0.7608799999999997,16
7610,0.8634999999999997,66,0.78653,15
7611,0.83211,33,0.80938,20
7612,0.8715199999999999,35,0.7872599999999997,16
7613,0.88048,32,0.8352200000000002,10
7614,0.8869100000000002,32,0.78743,11
7615,0.8692099999999999,33,0.7688499999999996,12
7616,0.74866,33,0.7628399999999997,10
7617,0.8420500000000005,32,0.7505099999999999,18
7618,0.8143499999999999,34,0.7326100000000002,11
7619,0.8782900000000003,34,0.7796500000000001,11
7621,0.8631699999999999,33,0.77671,12
7624,0.8464600000000003,33,0.7576699999999994,20
7625,0.8333200000000002,34,0.7568999999999998,10
7626,0.8422699999999996,33,0.7839400000000002,12
7627,0.8997700000000001,35,0.8253900000000002,17
7628,0.8717,34,0.7766199999999999,12
7629,0.8219800000000003,70,0.7050999999999997,12
7631,0.8747199999999996,33,0.7961699999999999,10
7632,0.8688400000000002,33,0.7988499999999997,15
7633,0.8655300000000004,32,0.8016300000000001,16
7634,0.8567299999999999,44,0.7723099999999998,12
7635,0.8575900000000005,33,0.7731300000000002,12
7636,0.8258899999999997,32,0.7523699999999997,10
7637,0.9054599999999998,34,0.8165700000000001,15
7638,0.8455799999999999,34,0.7555399999999999,13
7640,0.8580399999999996,34,0.78905,13
7641,0.8262199999999997,34,0.70816,17
7642,0.8406200000000003,39,0.7510700000000001,10
7643,0.8450000000000003,34,0.8077800000000004,10
7644,0.9119500000000004,44,0.834,9
7646,0.88178,43,0.79363,10
7647,0.7050399999999997,32,0.8411299999999996,13
7648,0.85765,44,0.75453,10
7649,0.8428100000000002,34,0.7141299999999999,11
7650,0.8664799999999998,31,0.7507,12
7651,0.8996599999999995,33,0.8180599999999998,10
7652,0.8526400000000003,33,0.7859900000000003,18
7654,0.8370200000000003,34,0.8203200000000004,9
7655,0.8820199999999998,33,0.7888299999999997,11
7656,0.8520100000000003,34,0.7695800000000002,13
7657,0.8711699999999998,46,0.7893000000000002,10
7659,0.8377999999999995,31,0.7831400000000004,11
7660,0.8833900000000001,33,0.8255299999999999,12
7661,0.8393999999999997,35,0.7324699999999997,13
7662,0.8503099999999997,34,0.75599,10
7664,0.8891900000000003,32,0.7905600000000002,10
7665,0.8733699999999996,33,0.7351399999999999,10
7667,0.8200000000000003,38,0.7990399999999999,12
7669,0.8827800000000002,33,0.7917399999999997,12
7670,0.8477899999999998,34,0.7785399999999999,10
7671,0.8447200000000005,33,0.7623500000000001,9
7672,0.8847600000000001,68,0.7706299999999999,15
7673,0.8810099999999997,35,0.7666299999999998,11
7674,0.87113,33,0.80281,10
7675,0.8489199999999997,38,0.7952400000000001,12
7676,0.8134999999999999,34,0.7688300000000003,17
7677,0.83945,33,0.7594599999999998,11
7678,0.8866000000000004,34,0.77777,10
7679,0.8458800000000004,33,0.7652199999999995,10
7680,0.8173900000000002,32,0.7458899999999998,13
7681,0.7854299999999997,34,0.7262900000000001,10
7682,0.8565100000000004,33,0.8359699999999998,12
7683,0.8828500000000001,36,0.7760799999999999,11
7686,0.8069,33,0.7074899999999998,11
7687,0.8878900000000001,36,0.8013600000000001,13
7688,0.8594799999999999,33,0.7382799999999999,12
7689,0.8319600000000003,33,0.7218800000000006,12
7690,0.8809699999999998,33,0.7748199999999998,19
7691,0.8639100000000001,32,0.7990200000000004,14
7692,0.8258799999999998,34,0.7960000000000003,11
7694,0.8594900000000005,34,0.7866700000000002,12
7696,0.8703599999999999,33,0.8024800000000002,14
7697,0.8869400000000005,34,0.7994600000000003,11
7698,0.8206000000000003,50,0.76849,15
7699,0.869710000000001,34,0.8105700000000001,11
7701,0.8386300000000001,90,0.7680900000000003,10
7702,0.9006799999999999,33,0.82986,14
7703,0.82427,51,0.75794,12
7704,0.86969,33,0.7930300000000003,9
7705,0.86053,32,0.7945200000000001,17
7706,0.8692,33,0.7928000000000002,12
7707,0.8155700000000005,34,0.7878299999999996,11
7710,0.8706100000000001,31,0.7912,17
7711,0.8882200000000003,46,0.81273,14
7713,0.8678799999999997,33,0.7889700000000002,17
7714,0.85529,34,0.74527,12
7715,0.8373300000000001,33,0.74602,12
7716,0.8249700000000001,44,0.7924999999999999,10
7717,0.89221,32,0.80789,13
7718,0.8887900000000002,33,0.7543600000000003,10
7719,0.8855599999999998,33,0.82703,11
7720,0.85623,33,0.8008799999999999,13
7721,0.8396500000000003,41,0.7626399999999997,17
7722,0.8589699999999999,34,0.7605300000000002,16
7723,0.8623400000000002,33,0.77887,17
7724,0.8730899999999998,33,0.7451200000000001,10
7725,0.85532,34,0.8064000000000003,12
7726,0.81279,43,0.77082,9
7728,0.8855400000000005,34,0.7798499999999997,14
7729,0.8252200000000002,48,0.6228099999999996,11
7731,0.8839100000000001,33,0.79274,11
7732,0.8192499999999999,33,0.7385000000000003,10
7736,0.8923099999999999,33,0.8175899999999996,12
7737,0.7953700000000004,33,0.7434000000000001,12
7738,0.8306999999999995,35,0.7854800000000001,9
7739,0.8337099999999998,34,0.74515,12
7740,0.86931,33,0.7544199999999998,11
7741,0.84879,31,0.7585600000000001,13
7742,0.88775,34,0.7583299999999998,9
7743,0.86595,34,0.7671600000000001,10
7745,0.8391699999999999,34,0.7383500000000001,12
7746,0.85199,33,0.7578100000000002,9
7748,0.88788,50,0.8186500000000001,15
7749,0.8114100000000009,34,0.7691199999999996,12
7751,0.8959200000000006,33,0.7856999999999998,15
7752,0.8021100000000001,33,0.7746200000000002,13
7753,0.8523800000000005,38,0.8028400000000001,10
7754,0.83236,33,0.7645299999999999,10
7756,0.83246,42,0.7401499999999999,11
7757,0.87873,34,0.81867,13
7758,0.8803300000000001,37,0.7876400000000002,14
7759,0.8482200000000004,33,0.7625,13
7760,0.8805200000000005,33,0.8134499999999999,11
7761,0.8839700000000004,33,0.8111300000000002,24
7762,0.8817400000000001,34,0.7746499999999998,15
7763,0.8178400000000003,33,0.7053,10
7769,0.86479,33,0.7687799999999999,10
7770,0.8802999999999999,38,0.79974,9
7771,0.8498400000000003,30,0.79703,10
7772,0.8921000000000001,34,0.8080599999999997,15
7773,0.87147,34,0.8211200000000004,11
7774,0.85089,34,0.7625800000000001,10
7775,0.86167,38,0.8099699999999999,11
7777,0.84179,32,0.7619700000000001,11
7780,0.8812000000000002,41,0.7995599999999997,12
7782,0.85981,34,0.7825900000000001,19
7783,0.8906600000000001,44,0.7742500000000005,11
7784,0.81564,34,0.7495600000000002,12
7785,0.8429399999999998,33,0.7715100000000001,10
7786,0.8613300000000004,32,0.7993700000000001,9
7787,0.8357100000000002,33,0.74997,15
7788,0.8496400000000002,31,0.7834400000000002,10
7789,0.8614400000000001,34,0.8103800000000001,10
7792,0.86985,34,0.8056600000000002,10
7793,0.8569699999999999,51,0.7903,13
7795,0.8174999999999997,33,0.7360499999999999,12
7799,0.86902,33,0.7793999999999996,10
7800,0.81256,33,0.7283499999999998,16
7801,0.8594400000000002,40,0.78582,12
7802,0.84098,33,0.74785,10
7803,0.8667499999999998,34,0.7786400000000002,10
7804,0.80867,34,0.7333699999999997,11
7805,0.84831,32,0.7695899999999998,10
7806,0.8416500000000002,32,0.7914799999999996,11
7807,0.87816,33,0.8226900000000001,11
7808,0.8778000000000001,34,0.8126700000000001,15
7809,0.8326899999999999,32,0.7761699999999999,17
7811,0.8598199999999997,35,0.7729899999999997,10
7812,0.7930199999999998,52,0.7451200000000001,11
7813,0.8497500000000001,33,0.7835300000000001,14
7815,0.8951400000000003,32,0.8276699999999998,14
7816,0.8626699999999999,54,0.7703500000000001,12
7817,0.84174,33,0.76558,15
7818,0.8771899999999999,40,0.73863,12
7819,0.8075,32,0.6993,16
7820,0.8536299999999999,44,0.74307,15
7821,0.8309799999999996,30,0.7545999999999999,13
7822,0.8751599999999997,33,0.76284,10
7823,0.8531799999999996,33,0.8123800000000001,14
7824,0.8569000000000001,32,0.77291,9
7825,0.8962600000000002,34,0.7996600000000004,14
7826,0.8915100000000001,33,0.7835899999999999,10
7828,0.8878099999999997,32,0.8111499999999999,13
7830,0.8741399999999997,33,0.7936499999999996,13
7831,0.8813499999999997,32,0.8128999999999996,10
7832,0.8333900000000004,34,0.7323799999999998,13
7833,0.8803299999999998,31,0.76812,14
7834,0.8200500000000003,34,0.7523999999999998,11
7835,0.83475,34,0.7502399999999999,9
7837,0.8440299999999995,33,0.7550899999999997,12
7838,0.8157099999999998,34,0.72813,10
7839,0.8545900000000003,33,0.73654,10
7840,0.87512,35,0.7959100000000001,10
7841,0.8304400000000004,49,0.7301999999999995,14
7842,0.8319100000000001,34,0.7467500000000002,12
7844,0.7966600000000001,30,0.6863299999999996,14
7846,0.8838199999999999,34,0.8380300000000002,9
7848,0.84683,33,0.7629199999999998,10
7849,0.83772,33,0.7635199999999999,10
7851,0.8719199999999997,32,0.8090800000000001,10
7852,0.8261499999999998,31,0.70795,10
7853,0.8731800000000003,40,0.7962000000000002,10
7854,0.8586499999999998,32,0.7903200000000001,12
7856,0.8621200000000004,33,0.7463699999999998,11
7858,0.8959000000000001,55,0.8232600000000001,10
7861,0.8927499999999999,33,0.8049200000000002,16
7862,0.84331,38,0.7861400000000001,9
7863,0.8583900000000001,50,0.7710799999999999,12
7865,0.8655699999999997,32,0.7535000000000003,10
7867,0.8828499999999999,33,0.8007900000000002,13
7868,0.87749,33,0.7895699999999998,13
7869,0.8973300000000002,33,0.8261199999999996,12
7872,0.8084700000000001,37,0.7468099999999999,10
7873,0.8940100000000002,47,0.7973800000000001,12
7874,0.8087000000000002,32,0.73108,12
7875,0.8725000000000003,33,0.7951200000000002,10
7878,0.8724799999999999,34,0.7899200000000003,10
7879,0.87579,33,0.79844,9
7880,0.8290399999999996,48,0.7624899999999998,19
7883,0.8518400000000002,34,0.7822,12
7884,0.86287,34,0.7902400000000003,11
7885,0.90267,41,0.8216800000000001,10
7886,0.8928700000000002,34,0.8379999999999999,11
7887,0.9035699999999998,34,0.8155800000000001,9
7888,0.8821599999999998,33,0.8282299999999999,10
7889,0.8813999999999999,34,0.8244400000000002,15
7890,0.8720800000000004,34,0.7888199999999997,14
7891,0.8506999999999998,34,0.7717299999999997,10
7892,0.8756399999999998,39,0.76696,12
7893,0.8788300000000001,32,0.8030000000000002,12
7894,0.8942300000000002,33,0.78923,15
7895,0.8720099999999998,32,0.7601199999999999,10
7896,0.8711099999999996,71,0.76908,33
7897,0.8880500000000002,33,0.7761600000000002,10
7898,0.8949099999999999,35,0.7899,10
7899,0.8912600000000002,33,0.83256,11
7901,0.9008999999999999,31,0.7622999999999999,28
7902,0.8399899999999998,33,0.7493799999999999,11
7903,0.8210299999999998,34,0.72135,11
7904,0.8865900000000002,33,0.8079899999999997,10
7906,0.83327,33,0.7867900000000002,11
7907,0.8587200000000004,34,0.7411199999999998,15
7908,0.8919200000000005,51,0.8127500000000002,12
7909,0.8508900000000003,32,0.7721999999999999,11
7910,0.8420300000000001,34,0.75181,17
7912,0.8490399999999997,31,0.7709,11
7913,0.8714299999999998,32,0.78514,11
7915,0.8268500000000004,34,0.7734800000000003,13
7916,0.8911200000000001,33,0.8028499999999997,13
7917,0.8698399999999998,33,0.80536,11
7918,0.8763800000000002,34,0.7856800000000002,10
7919,0.8246500000000003,32,0.7655399999999999,11
7920,0.8964499999999999,33,0.7925900000000002,19
7921,0.8761499999999995,34,0.79114,12
7923,0.8224599999999999,33,0.6833199999999999,9
7925,0.8468799999999999,32,0.7361599999999998,14
7926,0.8613399999999999,31,0.7765999999999998,12
7927,0.8800399999999999,33,0.7655099999999999,13
7928,0.8530699999999999,33,0.7988500000000001,10
7929,0.87214,51,0.7444899999999997,10
7930,0.8652399999999997,33,0.7940300000000002,10
7931,0.8310299999999998,33,0.7384800000000001,12
7933,0.8739599999999998,33,0.7909499999999998,11
7935,0.8713400000000001,34,0.7228300000000002,9
7936,0.8119300000000002,32,0.7299999999999998,13
7939,0.8996400000000001,33,0.81932,13
7940,0.88993,33,0.7925099999999999,15
7941,0.8402200000000005,45,0.74721,12
7942,0.85787,38,0.77901,10
7944,0.8410599999999997,34,0.7869099999999999,12
7945,0.8860899999999999,46,0.8154799999999999,13
7946,0.8715300000000002,33,0.7388100000000002,15
7947,0.83467,34,0.7236000000000001,11
7948,0.8888699999999997,32,0.78142,10
7951,0.8772999999999997,32,0.78496,12
7952,0.9084300000000001,33,0.83128,11
7953,0.8548300000000001,34,0.7756299999999999,25
7954,0.8610100000000002,34,0.79185,10
7955,0.8261499999999999,33,0.7821700000000003,10
7956,0.8765900000000003,34,0.8118200000000002,13
7957,0.87409,34,0.8020200000000004,13
7958,0.88339,33,0.79204,16
7959,0.90018,34,0.8111,10
7961,0.8700800000000006,34,0.79083,11
7962,0.8194699999999999,33,0.7146199999999997,19
7963,0.8641099999999997,34,0.7819600000000002,12
7964,0.8358600000000007,33,0.7656900000000002,11
7967,0.8791200000000003,33,0.78114,16
7969,0.8137700000000002,33,0.7729299999999998,12
7970,0.8182800000000001,82,0.7910400000000003,24
7972,0.8548799999999998,33,0.79964,10
7973,0.8856700000000001,33,0.7880499999999999,11
7975,0.87239,43,0.8104899999999998,11
7976,0.84561,32,0.79194,9
7977,0.8582999999999998,51,0.7542899999999999,32
7980,0.83074,47,0.7764899999999999,10
7981,0.8379600000000003,59,0.7824900000000001,12
7983,0.8928999999999998,32,0.81514,16
7984,0.8820699999999999,35,0.8442700000000002,12
7985,0.8716800000000002,34,0.7715700000000001,12
7986,0.8917400000000001,33,0.7935499999999998,15
7987,0.8155799999999996,32,0.7753,18
7988,0.8486400000000003,41,0.7600099999999997,14
7990,0.9023000000000002,33,0.8203300000000003,11
7991,0.8531300000000002,33,0.7506800000000001,10
7992,0.8319499999999995,32,0.8073699999999997,10
7993,0.8383199999999998,33,0.8199999999999998,10
7994,0.8730599999999998,32,0.7751199999999998,18
7995,0.8619500000000001,30,0.7707599999999996,22
7996,0.8734800000000003,34,0.8163000000000001,12
7997,0.83799,50,0.78789,12
7998,0.8034299999999999,48,0.7582800000000001,10
7999,0.8264800000000002,34,0.7606899999999999,17
8000,0.8318300000000001,34,0.76006,10
8001,0.8075399999999999,54,0.73371,15
8002,0.83045,33,0.7636799999999999,12
8004,0.8841700000000003,34,0.7868099999999998,12
8008,0.8813400000000001,33,0.7904700000000001,16
8009,0.82916,33,0.767,11
8010,0.8347600000000003,33,0.7682399999999998,15
8012,0.8468600000000002,39,0.7397999999999999,10
8013,0.8415499999999999,33,0.7516199999999996,16
8014,0.8476200000000002,33,0.7358100000000001,10
8015,0.8518900000000003,33,0.7643300000000001,18
8016,0.8981500000000001,34,0.7967399999999999,12
8018,0.88287,33,0.7890699999999998,12
8019,0.8357600000000002,34,0.7589500000000001,14
8021,0.83418,35,0.7785300000000003,11
8022,0.7911100000000003,34,0.71649,9
8023,0.8688899999999999,33,0.8072399999999998,15
8024,0.8460800000000002,55,0.7822600000000003,16
8026,0.88122,33,0.8036199999999996,15
8027,0.8571300000000001,42,0.76389,9
8028,0.8410000000000004,33,0.77079,11
8029,0.9010000000000001,32,0.8540300000000003,16
8030,0.8465,33,0.77495,11
8032,0.8507600000000001,32,0.7880100000000002,10
8033,0.8457600000000005,59,0.8068300000000002,10
8035,0.8725599999999999,34,0.7368600000000002,18
8036,0.8736200000000001,32,0.7839299999999999,11
8037,0.88674,59,0.7880400000000001,16
8038,0.8466699999999999,33,0.7709299999999998,15
8040,0.8746000000000006,33,0.7780699999999997,18
8041,0.8668199999999997,32,0.8025899999999999,18
8042,0.9106600000000004,32,0.8056300000000001,12
8043,0.9052000000000003,34,0.82229,11
8044,0.8684300000000001,33,0.79239,13
8045,0.8941500000000003,32,0.7979299999999999,17
8047,0.8962,32,0.8045600000000002,11
8048,0.8740999999999999,33,0.7839899999999996,18
8049,0.87399,33,0.8096900000000001,13
8050,0.9002899999999999,32,0.8017699999999999,10
8051,0.9016699999999994,33,0.82816,13
8052,0.8449099999999998,33,0.7923699999999999,11
8054,0.8175899999999998,32,0.6992099999999999,10
8056,0.8730099999999997,37,0.8046000000000003,13
8057,0.8984700000000002,34,0.7947099999999998,15
8058,0.8765099999999998,62,0.77665,24
8059,0.8355600000000005,33,0.6665999999999999,12
8060,0.8724800000000001,57,0.7930099999999998,17
8061,0.85478,38,0.7592800000000003,11
8062,0.7936,33,0.7409999999999998,13
8063,0.8416900000000003,79,0.7436699999999999,19
8064,0.8606600000000002,33,0.7578600000000003,10
8065,0.84323,33,0.79677,11
8066,0.8718800000000003,41,0.7345099999999998,12
8067,0.8478800000000001,32,0.7515299999999998,11
8068,0.8908200000000002,33,0.8293200000000002,10
8069,0.8223299999999999,34,0.75081,11
8071,0.8596399999999997,33,0.7788699999999998,10
8072,0.8847400000000004,55,0.81369,35
8073,0.83544,32,0.7684000000000002,13
8074,0.8899399999999998,32,0.8064600000000003,17
8075,0.8584899999999999,33,0.7829599999999999,13
8076,0.8417899999999999,52,0.7622999999999998,12
8077,0.8699800000000001,33,0.7856799999999996,10
8078,0.89107,33,0.78307,17
8079,0.8589200000000001,35,0.7556999999999999,10
8080,0.8811500000000003,34,0.8090999999999998,10
8081,0.8654899999999996,32,0.77779,11
8082,0.8331100000000002,34,0.78898,16
8084,0.8747800000000006,34,0.8162899999999996,14
8085,0.8291800000000003,33,0.7535200000000001,10
8086,0.8411200000000001,50,0.7809900000000001,15
8087,0.86174,33,0.8166599999999997,11
8088,0.8378500000000001,33,0.7530099999999998,11
8089,0.8608699999999999,33,0.7317400000000001,10
8090,0.8405400000000001,32,0.7358099999999997,12
8091,0.8651400000000002,34,0.7657699999999997,12
8092,0.8685300000000001,33,0.7651599999999997,14
8095,0.83806,34,0.7702200000000003,10
8096,0.8512700000000002,32,0.7600699999999999,14
8097,0.8825100000000002,42,0.8094400000000003,13
8098,0.8231899999999999,34,0.7568500000000001,11
8100,0.8360399999999997,33,0.7880299999999998,10
8101,0.8122000000000001,97,0.7636900000000003,34
8102,0.8721199999999996,32,0.82737,10
8103,0.9081199999999999,33,0.8378499999999999,10
8104,0.8424500000000004,33,0.7699400000000003,11
8105,0.82304,34,0.7787999999999995,16
8108,0.8985000000000002,32,0.8208400000000003,10
8109,0.91164,86,0.8291900000000005,22
8110,0.7871999999999999,33,0.7599099999999999,13
8111,0.8829200000000001,34,0.81877,13
8112,0.8699799999999999,33,0.7811100000000001,10
8113,0.8723000000000003,35,0.7951100000000001,10
8114,0.8260900000000005,32,0.7461400000000001,16
8115,0.8381300000000003,33,0.7609699999999998,11
8118,0.79728,34,0.7435799999999999,13
8120,0.8776100000000002,33,0.8138900000000002,11
8121,0.8806600000000003,32,0.7947100000000005,16
8122,0.8774299999999998,34,0.7999800000000001,12
8123,0.83635,30,0.7908799999999998,9
8124,0.8882199999999999,32,0.8271499999999999,10
8126,0.8559699999999996,33,0.8058600000000001,12
8127,0.8379500000000004,33,0.7397900000000004,13
8128,0.8367000000000004,33,0.7425699999999996,15
8131,0.83297,34,0.7855699999999998,11
8132,0.8456900000000002,51,0.75765,13
8134,0.8579800000000002,33,0.7767299999999999,13
8136,0.8252400000000002,35,0.7506999999999998,10
8137,0.8356200000000001,33,0.7668699999999995,15
8138,0.8657099999999995,33,0.7663899999999999,13
8140,0.8723199999999998,33,0.7783800000000002,11
8142,0.86386,33,0.7843299999999995,9
8145,0.8437200000000002,33,0.76574,16
8146,0.8882400000000001,45,0.82377,17
8147,0.8723399999999993,34,0.7675299999999998,13
8149,0.8263900000000003,34,0.7042900000000003,10
8150,0.84175,34,0.7881399999999998,17
8151,0.8690600000000002,33,0.7555899999999999,11
8152,0.9008299999999997,45,0.8105899999999999,22
8153,0.89621,33,0.82718,10
8155,0.8619000000000004,65,0.7747999999999996,10
8156,0.8743000000000007,34,0.8183599999999999,11
8157,0.8712100000000004,31,0.7991000000000004,13
8158,0.8590900000000002,33,0.7602700000000001,10
8159,0.8774500000000001,34,0.8008799999999999,11
8161,0.8715000000000004,35,0.7617200000000001,12
8162,0.8994200000000002,33,0.7833000000000002,10
8163,0.8529599999999996,32,0.78346,22
8165,0.8736499999999999,36,0.78334,10
8166,0.8366000000000002,33,0.76652,11
8167,0.8176300000000002,34,0.7520800000000001,10
8168,0.8797699999999997,54,0.8196600000000004,16
8169,0.8523200000000002,33,0.74845,12
8170,0.8254000000000002,33,0.74906,9
8171,0.8956399999999995,33,0.84615,9
8172,0.8830300000000001,34,0.8134299999999997,16
8174,0.8925699999999999,33,0.82131,13
8175,0.8657599999999996,50,0.7970500000000003,29
8178,0.8372400000000003,33,0.7492099999999998,28
8179,0.8606099999999998,38,0.81146,14
8180,0.86397,33,0.73835,14
8181,0.83351,33,0.72869,10
8182,0.8366700000000005,33,0.7466100000000001,11
8184,0.88186,34,0.8031600000000003,9
8185,0.8936300000000003,34,0.7998200000000001,10
8186,0.8729500000000004,34,0.7822600000000002,10
8187,0.8273299999999999,52,0.7742800000000003,10
8188,0.8672300000000002,34,0.7727999999999998,13
8189,0.8378300000000006,33,0.79344,9
8190,0.89216,33,0.8650200000000001,12
8191,0.7871399999999998,45,0.6420599999999996,20
8192,0.8789,32,0.80353,10
8193,0.82501,53,0.7747600000000001,10
8194,0.8696699999999998,33,0.7959900000000002,16
8195,0.87481,33,0.72162,24
8196,0.8811199999999998,55,0.77863,16
8197,0.8088599999999998,43,0.73944,11
8198,0.8787600000000002,33,0.7971100000000003,9
8199,0.8234000000000001,33,0.7491,11
8200,0.8630400000000001,77,0.7454200000000002,18
8201,0.8518100000000003,55,0.7685699999999998,13
8202,0.8443999999999997,34,0.7683599999999999,14
8205,0.83809,33,0.7669300000000002,11
8206,0.8814799999999999,32,0.7919199999999997,11
8207,0.8591699999999999,32,0.7627400000000002,12
8208,0.85693,37,0.78063,11
8209,0.8861100000000001,34,0.82706,16
8210,0.8957199999999998,34,0.7900799999999998,11
8211,0.8350800000000004,34,0.7866199999999999,12
8214,0.86351,32,0.7877799999999999,14
8215,0.8676799999999997,33,0.7861299999999997,13
8216,0.83257,34,0.7969299999999997,11
8217,0.7638300000000002,33,0.6869699999999997,11
8218,0.8172500000000005,33,0.7579200000000003,10
8219,0.8818699999999999,43,0.82138,10
8220,0.8808800000000001,33,0.79488,14
8221,0.84142,52,0.7397800000000001,11
8222,0.8836500000000004,34,0.7871900000000003,12
8224,0.8560099999999998,34,0.76412,11
8225,0.8861800000000004,33,0.7784099999999998,13
8226,0.8939300000000004,32,0.8358199999999999,13
8227,0.8250200000000001,33,0.7662100000000001,10
8228,0.8548500000000003,35,0.78718,14
8229,0.8903099999999999,34,0.7953599999999998,14
8230,0.8633299999999999,33,0.81377,14
8231,0.84038,34,0.7710900000000003,11
8233,0.8783800000000004,34,0.79822,11
8234,0.8237199999999996,31,0.7229599999999999,10
8235,0.8513800000000004,32,0.73427,11
8236,0.8472600000000005,35,0.7647100000000004,15
8238,0.82288,33,0.7482900000000002,12
8239,0.8847600000000004,32,0.8122599999999998,13
8240,0.8584000000000003,43,0.73577,11
8241,0.8306599999999997,50,0.7698200000000002,19
8243,0.87147,34,0.7830499999999998,13
8245,0.8187399999999998,34,0.7327399999999998,11
8246,0.8450600000000005,34,0.7472600000000003,9
8247,0.88003,31,0.8017200000000001,10
8249,0.8301299999999998,33,0.7186799999999998,11
8251,0.8941899999999998,34,0.7873600000000001,9
8252,0.85088,35,0.7328199999999999,11
8253,0.8668299999999999,45,0.8059500000000004,12
8254,0.8635900000000002,33,0.76519,9
8256,0.8234699999999998,33,0.75824,13
8259,0.85331,34,0.7559300000000002,9
8260,0.8251499999999998,33,0.71125,9
8261,0.8773000000000002,33,0.7964199999999999,12
8263,0.85611,33,0.7849900000000001,14
8265,0.8557899999999995,33,0.78844,11
8266,0.8815300000000001,31,0.78886,13
8267,0.8836999999999999,34,0.8025499999999997,14
8268,0.9081999999999997,34,0.8196300000000001,9
8269,0.86582,42,0.7464599999999999,13
8271,0.8469199999999995,34,0.7029999999999998,10
8272,0.87895,37,0.7991800000000002,13
8274,0.8739699999999999,34,0.8087399999999997,13
8275,0.8607600000000001,30,0.7598699999999999,12
8276,0.8302100000000001,33,0.7538799999999999,17
8277,0.8375700000000001,33,0.77665,15
8279,0.8208800000000003,33,0.7034899999999996,13
8280,0.86462,33,0.7742899999999997,11
8282,0.8870200000000006,48,0.81828,16
8283,0.8254099999999999,33,0.7504900000000002,10
8284,0.8594300000000002,34,0.78311,12
8286,0.87883,33,0.79302,10
8287,0.8152500000000003,42,0.7105700000000001,10
8288,0.8995700000000002,32,0.8415,18
8289,0.8850800000000004,33,0.8353000000000002,13
8290,0.8354900000000001,49,0.7488199999999996,12
8291,0.8849399999999998,34,0.7625399999999999,11
8292,0.857,34,0.7813299999999996,10
8293,0.8943200000000004,33,0.7809299999999999,13
8294,0.8902300000000005,34,0.7757500000000003,18
8295,0.8676800000000001,31,0.7499199999999999,17
8296,0.8773699999999994,34,0.8125800000000001,12
8297,0.8806800000000002,32,0.7574399999999997,13
8299,0.8127999999999999,33,0.7454999999999995,14
8300,0.8690499999999999,33,0.79624,13
8301,0.8049300000000001,39,0.71329,10
8303,0.8933399999999998,33,0.8230600000000002,12
8304,0.8802400000000005,33,0.7877699999999999,13
8305,0.8898600000000001,32,0.8082400000000001,14
8306,0.8815900000000003,35,0.7608100000000003,10
8308,0.8882900000000004,33,0.7947599999999998,16
8309,0.8714700000000001,33,0.7740600000000001,10
8310,0.8634499999999999,33,0.78923,12
8311,0.7976600000000005,32,0.7045199999999998,10
8313,0.8910099999999997,33,0.8019499999999999,10
8314,0.8900200000000004,33,0.8024399999999997,21
8316,0.8394799999999997,42,0.7255900000000001,11
8317,0.8925,40,0.80175,13
8318,0.7998000000000002,32,0.66799,17
8319,0.8294399999999998,33,0.75287,10
8322,0.8474799999999999,38,0.7825499999999999,14
8323,0.8582399999999997,60,0.7957000000000001,25
8324,0.8761299999999999,32,0.7942300000000004,19
8325,0.8837600000000002,33,0.7864999999999996,9
8326,0.8610700000000001,34,0.7696700000000001,9
8327,0.83918,33,0.7636499999999998,11
8328,0.89016,34,0.7774800000000001,11
8329,0.8487699999999999,34,0.7820600000000002,23
8330,0.8593099999999998,32,0.7690599999999997,12
8331,0.8509799999999995,34,0.7874199999999998,16
8333,0.89164,34,0.81401,10
8334,0.8779100000000001,33,0.7829300000000002,12
8335,0.8351700000000001,33,0.73822,11
8336,0.8367999999999999,33,0.7639900000000001,10
8337,0.8758400000000002,34,0.7829100000000001,10
8338,0.86859,33,0.8076399999999999,10
8339,0.8615900000000001,34,0.7762899999999998,11
8341,0.86012,33,0.7695599999999999,11
8344,0.91388,31,0.8411000000000002,12
8345,0.8650700000000007,33,0.7943400000000004,11
8346,0.79113,34,0.5838700000000001,12
8347,0.8870399999999998,34,0.7977299999999998,9
8348,0.8709799999999998,37,0.7796,14
8349,0.8881900000000003,33,0.7932200000000001,10
8350,0.86901,41,0.78687,14
8351,0.8729699999999998,33,0.7737800000000005,13
8352,0.8788600000000001,33,0.79982,13
8353,0.8746300000000001,46,0.7560500000000002,12
8354,0.8662500000000002,34,0.8017700000000003,10
8355,0.8988899999999995,34,0.8224599999999999,11
8356,0.8430099999999997,31,0.7398999999999998,10
8357,0.8920199999999998,33,0.8240200000000008,12
8358,0.8889600000000002,31,0.8041200000000001,11
8359,0.8701899999999999,33,0.8035000000000001,11
8360,0.8212700000000003,34,0.7732300000000002,12
8361,0.7928699999999996,32,0.7534500000000003,16
8363,0.8716400000000006,33,0.7965099999999998,11
8364,0.9080399999999997,35,0.8176800000000002,16
8365,0.83908,34,0.7869300000000002,14
8366,0.8373900000000001,34,0.75115,12
8367,0.8730899999999999,33,0.7458099999999999,11
8368,0.8547800000000013,51,0.9111500000000008,13
8369,0.8366699999999997,32,0.7732300000000001,11
8371,0.8653300000000003,33,0.7451899999999996,15
8374,0.8540100000000002,34,0.7448599999999997,16
8375,0.8066900000000001,43,0.6922299999999999,10
8377,0.89701,33,0.7961100000000001,14
8378,0.8556100000000002,33,0.75965,16
8379,0.8258599999999997,39,0.7588799999999997,11
8380,0.8670100000000001,33,0.7788399999999998,11
8381,0.8495899999999997,33,0.7685100000000002,9
8382,0.8459300000000002,33,0.7679699999999999,12
8383,0.8184,33,0.7885699999999999,10
8384,0.8619700000000001,32,0.7583900000000001,10
8385,0.8319399999999999,33,0.7422999999999998,10
8386,0.8388900000000001,36,0.7893700000000002,10
8387,0.8593199999999999,34,0.7999799999999999,12
8389,0.8396799999999994,31,0.7473999999999998,11
8390,0.8948799999999999,33,0.7633200000000001,28
8394,0.8570099999999996,34,0.7447100000000002,19
8395,0.8693499999999998,45,0.8067700000000001,22
8396,0.8561500000000001,31,0.7468899999999999,9
8397,0.85418,45,0.7808599999999997,10
8398,0.85433,52,0.7572200000000002,10
8399,0.8580100000000002,37,0.7530300000000001,11
8400,0.8391200000000002,34,0.7886200000000002,10
8401,0.8641999999999997,33,0.7723799999999998,11
8402,0.84528,33,0.7821299999999997,15
8403,0.8258900000000001,33,0.7352599999999998,13
8405,0.81047,34,0.73953,11
8406,0.8339200000000001,46,0.80019,10
8407,0.8844900000000001,33,0.8409799999999998,10
8409,0.8262000000000002,49,0.7353700000000001,13
8410,0.8475100000000004,43,0.8030100000000001,11
8414,0.87637,33,0.8059400000000005,13
8415,0.8525899999999997,31,0.83683,9
8420,0.8270800000000004,32,0.7685599999999998,10
8421,0.8657699999999999,33,0.7733500000000001,12
8422,0.8511399999999999,39,0.7876299999999997,11
8423,0.7976599999999998,34,0.6749899999999995,12
8425,0.8683000000000001,34,0.77251,10
8426,0.8016399999999997,32,0.7413299999999997,11
8427,0.8417699999999998,33,0.7262499999999998,19
8428,0.8280599999999997,34,0.77516,17
8429,0.8258700000000003,33,0.7539399999999996,14
8430,0.8797299999999999,32,0.7960500000000001,13
8433,0.8504799999999997,33,0.7535000000000001,11
8434,0.8326799999999998,33,0.81556,9
8435,0.8965000000000007,33,0.7958399999999997,12
8436,0.8911600000000007,91,0.8172699999999997,21
8437,0.7987900000000002,47,0.7590399999999999,20
8438,0.8632500000000002,32,0.7829,11
8439,0.8109400000000003,34,0.69929,10
8441,0.8920699999999998,34,0.7966300000000001,13
8442,0.7928200000000003,35,0.7089699999999998,18
8443,0.8546199999999999,34,0.7820100000000001,12
8444,0.8918899999999997,34,0.7780099999999998,10
8446,0.8742099999999998,36,0.8004299999999998,11
8447,0.82747,33,0.7431799999999998,11
8448,0.85751,34,0.8081299999999998,14
8449,0.8907600000000001,33,0.8307999999999999,10
8451,0.8672100000000004,51,0.8054500000000001,11
8452,0.8336500000000002,32,0.7549999999999997,10
8453,0.8981299999999998,34,0.8085100000000004,11
8454,0.9070599999999998,33,0.7949300000000004,13
8455,0.8810300000000001,32,0.8030899999999996,11
8456,0.8203000000000001,32,0.7468900000000002,14
8458,0.8323200000000002,33,0.65972,9
8459,0.8928600000000003,34,0.8366699999999999,9
8461,0.8624799999999999,32,0.7773399999999998,11
8464,0.8683200000000002,34,0.7657000000000005,10
8465,0.86554,33,0.7781399999999999,11
8466,0.8639600000000001,34,0.8122999999999998,10
8468,0.8637599999999999,34,0.7586699999999997,11
8470,0.8566800000000002,34,0.8030700000000002,16
8471,0.8697100000000004,33,0.7950999999999999,12
8472,0.8396200000000001,33,0.7482599999999998,10
8473,0.8296600000000001,33,0.7309499999999997,13
8474,0.88081,33,0.81845,14
8475,0.8811100000000001,34,0.7948199999999999,10
8476,0.8327300000000002,33,0.7541699999999996,10
8477,0.89347,34,0.80363,11
8478,0.8767999999999999,71,0.7949500000000002,22
8479,0.8810499999999999,35,0.7806099999999998,12
8480,0.8380800000000004,40,0.72029,10
8481,0.82574,34,0.74741,20
8482,0.8735900000000001,33,0.8009200000000001,27
8485,0.8291200000000002,51,0.7471899999999999,11
8487,0.8431999999999996,83,0.7393900000000002,22
8488,0.8560399999999996,47,0.7915199999999998,18
8489,0.8595099999999997,34,0.78641,12
8491,0.76161,34,0.6259800000000001,11
8492,0.88152,33,0.8143099999999996,11
8493,0.8416900000000003,33,0.7798900000000001,15
8494,0.8824600000000004,33,0.8266300000000004,12
8495,0.8901699999999999,34,0.7965300000000002,14
8496,0.8155300000000006,33,0.7393099999999998,9
8497,0.8209499999999997,34,0.7494100000000001,23
8498,0.89661,32,0.7795299999999998,15
8499,0.8640199999999997,32,0.7593799999999996,12
8500,0.86371,34,0.7768199999999996,11
8503,0.88597,49,0.6887399999999998,18
8504,0.8730300000000003,32,0.78903,14
8505,0.8469200000000005,34,0.7894400000000005,12
8506,0.89153,35,0.8035900000000001,12
8507,0.8902800000000003,34,0.78962,10
8508,0.8488899999999999,34,0.7910200000000001,14
8509,0.8470399999999993,31,0.7921400000000002,15
8510,0.8465500000000005,33,0.76017,14
8512,0.8390299999999997,34,0.7451199999999994,13
8513,0.8406300000000003,33,0.7103099999999998,13
8514,0.83048,32,0.7368199999999996,10
8515,0.8389700000000001,33,0.7404000000000001,13
8516,0.8615000000000005,32,0.7619600000000001,13
8517,0.8558300000000001,50,0.7763,10
8518,0.8241700000000001,32,0.7378,10
8520,0.8681600000000003,33,0.7872699999999999,14
8521,0.8625299999999999,33,0.7884299999999999,17
8522,0.8590099999999999,33,0.7458400000000003,11
8525,0.8589099999999995,33,0.7977799999999998,15
8526,0.8597400000000002,32,0.7909900000000002,11
8529,0.8488999999999995,37,0.7829299999999999,9
8530,0.89166,33,0.8127699999999999,20
8531,0.8560099999999998,32,0.8123699999999998,19
8532,0.8420699999999993,32,0.7709599999999998,11
8535,0.8596500000000005,36,0.79081,12
8538,0.84018,33,0.8099599999999998,14
8542,0.8912100000000005,55,0.7284399999999992,12
8543,0.8672500000000006,32,0.7773899999999998,20
8544,0.8400000000000003,34,0.7052399999999995,10
8545,0.8723400000000001,33,0.8094000000000005,10
8546,0.8547500000000001,34,0.7974199999999999,9
8547,0.8423499999999998,33,0.7624199999999999,10
8549,0.8574500000000002,33,0.7852899999999999,11
8550,0.85049,32,0.78071,12
8551,0.8462200000000003,34,0.78131,13
8552,0.8173800000000003,33,0.7484000000000003,11
8553,0.8813400000000001,34,0.5989099999999996,10
8554,0.8415900000000002,34,0.7984200000000001,11
8556,0.8842699999999999,35,0.8091600000000004,10
8557,0.8841900000000003,34,0.83076,13
8558,0.86214,33,0.8090999999999998,10
8560,0.8790699999999998,32,0.8093400000000003,11
8561,0.9080999999999996,55,0.8365000000000002,14
8562,0.8739599999999997,33,0.8029799999999999,12
8563,0.8833699999999999,33,0.7945999999999998,12
8565,0.8227000000000001,33,0.7243900000000002,12
8566,0.8555400000000006,50,0.7606300000000004,19
8568,0.8554399999999999,34,0.8013800000000002,12
8572,0.8429800000000003,32,0.7892800000000001,16
8573,0.8206799999999999,32,0.7481000000000002,10
8575,0.80632,33,0.7396599999999997,9
8576,0.8808699999999999,49,0.8122499999999998,12
8577,0.8753500000000004,34,0.8020999999999999,9
8578,0.8619099999999996,31,0.8015700000000002,14
8579,0.8444600000000005,33,0.7525900000000004,14
8580,0.8595899999999999,33,0.8128399999999999,11
8581,0.8503399999999999,35,0.8027599999999998,10
8582,0.9182599999999995,33,0.8434100000000003,10
8583,0.8941,34,0.7881199999999997,11
8584,0.8116000000000001,33,0.7858400000000003,10
8585,0.8361899999999995,34,0.7462599999999999,12
8586,0.8901800000000002,33,0.8000999999999999,12
8587,0.8698400000000001,33,0.76597,15
8588,0.8482100000000002,34,0.6637099999999999,10
8590,0.8795799999999997,33,0.7730099999999999,11
8591,0.89447,33,0.8480600000000004,11
8592,0.85364,34,0.78815,15
8593,0.8533199999999996,32,0.7866599999999999,10
8594,0.8891199999999998,34,0.8269700000000003,14
8595,0.8360499999999998,33,0.7311899999999999,12
8596,0.8869099999999999,88,0.82529,39
8597,0.85001,32,0.7903899999999999,12
8598,0.8278600000000003,37,0.7547600000000004,10
8600,0.89784,41,0.8067199999999999,15
8601,0.8621100000000002,57,0.7983600000000002,10
8602,0.9098200000000003,37,0.8197099999999999,10
8603,0.8186500000000001,43,0.7504200000000003,11
8604,0.8332200000000002,31,0.81754,10
8605,0.85903,35,0.7976799999999998,11
8606,0.88457,43,0.7889500000000002,15
8607,0.8879299999999999,32,0.83764,10
8609,0.8768700000000001,37,0.7985199999999999,10
8611,0.8772400000000004,33,0.7841899999999998,12
8613,0.8572200000000005,34,0.7488800000000002,12
8614,0.8846399999999996,48,0.7971800000000002,27
8615,0.83626,33,0.7636599999999999,13
8616,0.83796,33,0.7503799999999999,9
8618,0.8486300000000001,33,0.7571899999999999,12
8619,0.9127899999999998,34,0.8457899999999999,9
8621,0.88819,56,0.7922599999999999,9
8622,0.8738300000000001,31,0.7769799999999999,12
8623,0.87222,36,0.7973700000000002,11
8624,0.8809300000000002,34,0.8043100000000001,14
8625,0.8534099999999997,86,0.7842500000000004,18
8628,0.8591000000000002,33,0.7843899999999999,13
8629,0.8494999999999999,31,0.7743200000000001,10
8630,0.8800300000000001,33,0.7997,11
8631,0.8682899999999999,85,0.78496,18
8632,0.8679600000000004,33,0.7946100000000003,12
8633,0.9022099999999998,34,0.8092800000000001,11
8635,0.8538999999999998,33,0.73666,14
8636,0.8967900000000002,33,0.80196,12
8637,0.9043600000000005,33,0.8193599999999998,11
8638,0.8558100000000002,32,0.7942600000000003,9
8640,0.8659399999999999,34,0.7701800000000002,16
8641,0.8606900000000002,33,0.7474900000000001,11
8642,0.8398299999999996,34,0.75949,11
8643,0.8669800000000003,33,0.7787900000000002,14
8644,0.8738899999999997,33,0.8123099999999998,12
8646,0.8068699999999999,32,0.7450299999999997,10
8647,0.8473500000000003,34,0.7974000000000007,10
8648,0.8078500000000001,33,0.7496300000000001,12
8649,0.8540600000000002,35,0.8051099999999995,10
8650,0.8599699999999997,32,0.7245900000000001,16
8652,0.8655300000000002,65,0.7952700000000001,12
8653,0.83415,38,0.7587100000000001,10
8654,0.8753000000000003,32,0.7852399999999996,13
8655,0.8426300000000002,34,0.7890799999999998,10
8657,0.8819899999999998,57,0.7991199999999996,17
8658,0.86371,37,0.7538100000000003,13
8659,0.8195500000000004,33,0.7268100000000003,11
8660,0.8830599999999994,55,0.7667099999999994,10
8661,0.80657,33,0.7084100000000002,10
8663,0.8702500000000002,32,0.80093,12
8664,0.8219900000000006,33,0.7843800000000001,10
8665,0.8820500000000001,34,0.81144,15
8667,0.8675099999999998,32,0.8029100000000001,11
8668,0.8767100000000003,33,0.79618,10
8669,0.8393400000000001,32,0.7150899999999999,12
8670,0.8664800000000004,33,0.7451099999999997,12
8671,0.9096100000000001,33,0.8246400000000003,13
8672,0.85519,34,0.7805299999999998,10
8673,0.87036,34,0.7910400000000002,11
8674,0.8242000000000002,48,0.77413,17
8676,0.8336600000000004,33,0.7582199999999999,20
8677,0.7756299999999999,51,0.6920699999999995,9
8678,0.8905900000000001,33,0.83015,14
8679,0.8694999999999995,34,0.81,13
8680,0.89658,34,0.81868,14
8683,0.86259,39,0.7825300000000002,16
8684,0.8867799999999998,33,0.80364,12
8685,0.8359100000000005,34,0.7703600000000003,13
8687,0.8183300000000004,34,0.7036400000000002,14
8689,0.8375900000000006,34,0.7667299999999997,10
8691,0.8984000000000001,32,0.8214200000000002,11
8692,0.8794200000000002,33,0.8218299999999996,23
8693,0.8191200000000002,33,0.7589700000000001,12
8694,0.8273399999999999,34,0.7287100000000001,18
8695,0.8672,48,0.76802,14
8696,0.8694800000000004,39,0.77932,10
8698,0.8760299999999996,33,0.7972899999999999,10
8700,0.8899299999999998,33,0.7963799999999999,16
8701,0.8471300000000004,48,0.7897900000000004,14
8702,0.8640000000000002,33,0.7780799999999998,11
8704,0.8298800000000003,36,0.7421,9
8705,0.9088400000000003,33,0.8172599999999999,11
8708,0.8505300000000001,32,0.79519,11
8709,0.8471600000000007,34,0.7659299999999999,10
8710,0.8670300000000002,64,0.8060399999999999,34
8711,0.8835400000000004,33,0.8011400000000001,9
8713,0.8976799999999997,64,0.8235200000000005,11
8714,0.8508000000000001,32,0.7901699999999998,9
8717,0.8535600000000003,33,0.78023,19
8718,0.8932699999999998,34,0.8129800000000005,9
8719,0.8479200000000001,34,0.76101,14
8720,0.8806,35,0.75527,12
8722,0.8506799999999999,33,0.7679699999999999,10
8723,0.8535700000000003,33,0.7836899999999997,14
8724,0.8633100000000001,32,0.7748800000000001,15
8725,0.8548499999999999,33,0.7046799999999999,13
8726,0.89616,33,0.8281199999999999,15
8727,0.8824000000000005,50,0.8163100000000003,13
8729,0.8483899999999999,48,0.7492899999999999,14
8730,0.8605800000000002,45,0.7430099999999998,10
8731,0.8451800000000003,34,0.7615899999999998,10
8732,0.8579199999999999,34,0.8188900000000001,11
8733,0.85949,35,0.7648599999999999,10
8734,0.85997,41,0.7941800000000001,10
8735,0.8685400000000001,33,0.7867400000000001,13
8736,0.8493200000000001,34,0.7558599999999998,13
8738,0.8636,34,0.7616599999999998,11
8739,0.8127900000000001,33,0.72399,13
8740,0.8931200000000006,31,0.79924,10
8741,0.87363,33,0.76141,17
8742,0.8213399999999998,34,0.7327999999999999,15
8743,0.84785,33,0.75591,11
8744,0.8626,35,0.7838399999999999,12
8746,0.8678000000000003,33,0.80208,10
8748,0.8432600000000003,43,0.79841,10
8749,0.8208999999999999,33,0.7609899999999999,14
8750,0.8723300000000002,34,0.7818400000000001,11
8751,0.8492200000000004,34,0.7735299999999998,10
8752,0.8459899999999998,34,0.7611900000000003,10
8753,0.8931000000000003,34,0.8178099999999999,10
8754,0.9024,33,0.8128199999999994,12
8755,0.8698099999999998,88,0.78417,39
8756,0.8894300000000004,32,0.7943899999999999,10
8757,0.8524699999999996,33,0.74957,12
8758,0.8401499999999997,33,0.70297,14
8759,0.8686200000000001,32,0.7720599999999999,9
8760,0.8833099999999997,33,0.8144300000000002,12
8762,0.8632600000000002,31,0.7486599999999997,10
8763,0.8365299999999997,33,0.7668700000000002,15
8764,0.8490599999999995,34,0.7326699999999997,14
8765,0.8329599999999999,34,0.6987899999999998,15
8766,0.8473599999999999,32,0.7979100000000001,10
8768,0.8421200000000002,33,0.7525900000000003,13
8770,0.8952300000000005,32,0.8036899999999997,16
8771,0.8965400000000003,40,0.8212999999999999,11
8772,0.8817500000000003,33,0.8028399999999999,14
8774,0.8238500000000001,49,0.7103100000000001,14
8775,0.8484100000000001,32,0.75838,12
8776,0.8619699999999999,33,0.77487,11
8778,0.8733,34,0.8002799999999998,10
8779,0.8785600000000001,36,0.7971199999999999,12
8780,0.8604000000000002,32,0.7646000000000001,10
8781,0.8243300000000002,56,0.7484099999999999,13
8782,0.85177,32,0.7734400000000002,12
8783,0.90361,33,0.8248900000000002,11
8784,0.8153599999999999,34,0.7312299999999996,16
8785,0.8321000000000002,33,0.7635800000000004,13
8786,0.83155,35,0.7338699999999999,12
8788,0.8773400000000001,32,0.7918199999999999,16
8789,0.88275,32,0.8093099999999996,12
8790,0.9039900000000002,34,0.7757599999999999,11
8791,0.8432800000000006,31,0.7750099999999999,14
8792,0.8149200000000001,33,0.7740999999999997,14
8794,0.85426,33,0.7744300000000002,11
8795,0.8177700000000004,41,0.6979799999999998,10
8796,0.8893500000000003,32,0.8069800000000003,11
8797,0.8636499999999998,57,0.7594199999999998,10
8799,0.8667200000000002,34,0.7542899999999999,9
8800,0.8381899999999999,34,0.7860500000000001,10
8802,0.8407900000000004,33,0.7870699999999999,10
8803,0.8835900000000002,32,0.7625799999999999,12
8804,0.8777300000000003,33,0.8064299999999998,19
8805,0.8606600000000002,32,0.7730299999999999,21
8806,0.8288100000000002,33,0.7557,20
8807,0.84352,33,0.75273,9
8808,0.8130999999999995,34,0.7690799999999998,15
8810,0.8237400000000002,38,0.7374799999999999,10
8811,0.8764000000000002,33,0.7718,16
8813,0.8192900000000001,33,0.7399,12
8814,0.8570000000000004,34,0.7930200000000001,11
8815,0.8921800000000002,32,0.8084100000000002,10
8816,0.8762699999999998,34,0.7915200000000001,14
8817,0.8606100000000003,33,0.7907699999999999,10
8818,0.8171400000000001,32,0.7895200000000001,12
8819,0.8753099999999998,34,0.7785600000000005,19
8820,0.8680100000000002,34,0.7484399999999998,10
8821,0.87756,33,0.77967,10
8822,0.8967399999999995,32,0.7969400000000002,13
8825,0.8761500000000002,34,0.7854099999999999,11
8826,0.83575,72,0.7368300000000002,28
8827,0.8717500000000004,33,0.7813899999999999,11
8828,0.8597999999999998,33,0.7723199999999997,14
8829,0.8651599999999999,95,0.7789,12
8830,0.8711500000000001,34,0.7683000000000001,15
8833,0.8514000000000004,57,0.7798199999999998,13
8834,0.90416,34,0.8443900000000001,14
8835,0.8732800000000001,33,0.7789600000000001,11
8837,0.84788,47,0.7990599999999999,11
8838,0.8598299999999999,35,0.7875000000000001,15
8840,0.8759700000000001,33,0.8229400000000002,13
8842,0.8593799999999996,33,0.7707400000000001,10
8843,0.8970799999999999,56,0.77533,25
8845,0.8360000000000001,34,0.7299100000000002,14
8846,0.8330300000000002,34,0.73641,17
8849,0.8208199999999998,33,0.69896,10
8851,0.8494900000000001,32,0.7659099999999998,9
8852,0.8482399999999999,34,0.7877500000000001,11
8853,0.8583399999999998,34,0.7974700000000001,11
8855,0.8144399999999998,32,0.7750799999999998,11
8856,0.8404399999999995,32,0.7747599999999999,10
8858,0.8596300000000003,33,0.7791900000000003,10
8859,0.8380500000000002,32,0.7216399999999998,12
8860,0.86074,33,0.7903699999999999,12
8861,0.87511,34,0.8166399999999999,12
8862,0.8539899999999999,33,0.8076399999999998,13
8863,0.90236,35,0.7969200000000004,12
8865,0.81873,32,0.74159,18
8866,0.88858,33,0.8040000000000002,10
8868,0.86724,34,0.7978300000000002,10
8869,0.80397,37,0.7875200000000006,10
8870,0.8345200000000002,32,0.7329400000000001,12
8871,0.9007600000000001,32,0.8322900000000001,12
8872,0.8523300000000006,34,0.7927499999999996,13
8873,0.8377600000000005,34,0.7444200000000003,10
8874,0.8359000000000001,34,0.7379500000000001,12
8875,0.8369299999999998,36,0.7168500000000002,16
8876,0.8843700000000001,33,0.8062900000000001,15
8877,0.8883000000000003,34,0.7782000000000001,10
8878,0.8139600000000002,34,0.7420100000000001,13
8879,0.8662800000000002,45,0.7673300000000002,14
8881,0.8274900000000003,33,0.7539100000000001,11
8883,0.8958600000000001,33,0.7881800000000001,16
8885,0.8716099999999993,33,0.8115799999999999,9
8887,0.8941399999999997,34,0.7949499999999999,11
8888,0.8435000000000002,35,0.7727699999999998,9
8889,0.8313700000000002,33,0.7286299999999997,10
8890,0.8488699999999999,53,0.7694399999999999,16
8891,0.8516099999999998,33,0.7343000000000001,11
8892,0.8691000000000002,31,0.7845799999999999,12
8893,0.8780200000000007,33,0.7699000000000001,10
8894,0.8346499999999998,33,0.7468200000000002,12
8895,0.8601999999999999,34,0.7958500000000001,10
8896,0.8896599999999998,33,0.74236,13
8897,0.8514500000000002,33,0.7735599999999999,14
8900,0.8697,34,0.76261,17
8902,0.8853800000000001,33,0.7863899999999997,12
8903,0.83281,33,0.78699,16
8904,0.8273500000000001,48,0.7483499999999998,16
8905,0.8019900000000003,33,0.74658,16
8906,0.8270500000000002,31,0.7635599999999997,12
8907,0.8583399999999998,33,0.7610700000000002,11
8909,0.8723100000000004,34,0.79501,15
8910,0.8566300000000001,31,0.7870800000000002,16
8911,0.8607700000000006,55,0.7446699999999998,16
8912,0.85771,32,0.7918999999999999,9
8913,0.8451599999999998,67,0.8241400000000002,23
8914,0.8412300000000004,34,0.7380000000000001,11
8915,0.8735899999999998,34,0.77865,13
8916,0.8751000000000001,34,0.7423599999999998,13
8918,0.7429100000000004,56,0.6420799999999999,16
8920,0.8291200000000003,32,0.7599699999999997,14
8923,0.8803000000000003,33,0.79589,12
8924,0.8488500000000002,33,0.7556100000000001,15
8926,0.8476499999999997,32,0.7832299999999998,13
8928,0.7795299999999997,33,0.7693099999999999,12
8929,0.8808499999999998,34,0.7926799999999993,10
8930,0.8581099999999999,33,0.7885900000000001,12
8931,0.8600100000000002,33,0.7665500000000003,9
8932,0.8308500000000002,34,0.7625600000000001,9
8933,0.7899900000000002,33,0.76188,11
8934,0.8543900000000002,33,0.7608399999999996,14
8935,0.8716699999999996,33,0.70894,11
8937,0.8440900000000002,34,0.7458299999999999,10
8938,0.8531600000000001,42,0.76085,10
8940,0.8406000000000001,30,0.7746799999999997,13
8942,0.8212000000000004,33,0.7162299999999996,11
8944,0.8376299999999994,33,0.7810099999999999,13
8945,0.8859300000000002,33,0.7962599999999999,15
8946,0.8914100000000005,34,0.80722,18
8948,0.8560200000000003,33,0.7580500000000001,16
8949,0.8750900000000005,35,0.8062800000000003,11
8950,0.8891300000000004,34,0.7975699999999999,10
8952,0.8627799999999998,35,0.7683400000000001,10
8953,0.83611,33,0.7455200000000002,12
8954,0.84125,35,0.79583,18
8955,0.8203299999999999,34,0.71907,12
8956,0.82684,33,0.74684,11
8957,0.8754500000000002,34,0.7923900000000004,13
8959,0.78655,31,0.7346700000000002,20
8960,0.8572599999999997,45,0.79428,14
8961,0.8437799999999999,34,0.69041,10
8962,0.7880600000000001,33,0.7520599999999998,11
8963,0.8649300000000001,34,0.75715,13
8964,0.8677100000000002,33,0.8387999999999997,10
8965,0.8486400000000002,33,0.8124800000000001,12
8967,0.8439400000000002,32,0.75703,12
8968,0.89491,32,0.8150099999999999,10
8969,0.8970599999999997,33,0.8221199999999997,13
8970,0.8803000000000002,32,0.8212099999999996,14
8972,0.88022,31,0.7718699999999998,14
8973,0.8261100000000002,34,0.7772299999999998,10
8974,0.9064999999999999,35,0.7947599999999998,11
8976,0.86757,33,0.8024600000000004,20
8977,0.85175,35,0.7609100000000001,11
8978,0.90231,33,0.7939600000000003,12
8979,0.8717399999999997,38,0.7864900000000001,11
8980,0.8750699999999999,32,0.7901399999999996,15
8981,0.8614899999999999,33,0.7980900000000001,22
8983,0.8824099999999998,34,0.8224800000000002,12
8984,0.8604700000000003,33,0.8264400000000002,17
8985,0.8924000000000001,31,0.8070900000000001,10
8986,0.8802699999999998,37,0.8254199999999997,10
8987,0.8274799999999999,55,0.75068,16
8988,0.9018800000000001,33,0.8283400000000001,14
8989,0.8726300000000002,33,0.7816999999999996,10
8990,0.8497999999999998,47,0.7442,11
8992,0.8367100000000001,33,0.7580299999999999,11
8994,0.8494899999999999,34,0.80688,11
8995,0.88711,33,0.8267000000000004,10
8997,0.9015999999999998,32,0.8303700000000002,12
8998,0.8688599999999999,34,0.7859499999999998,13
8999,0.8286699999999999,34,0.7444,9
9000,0.8808699999999999,55,0.79665,11
9001,0.8593500000000001,34,0.7160000000000001,22
9003,0.8664900000000002,33,0.81022,13
9004,0.78387,32,0.71637,10
9005,0.8560699999999999,34,0.7723799999999997,9
9006,0.8651600000000002,50,0.7931200000000002,17
9007,0.7851300000000001,33,0.6762900000000001,10
9008,0.8269600000000001,32,0.77829,11
9009,0.8950400000000001,34,0.8203499999999999,10
9010,0.8803700000000002,31,0.8247000000000001,10
9011,0.8537700000000001,37,0.7568700000000002,14
9012,0.8855700000000003,31,0.81209,23
9013,0.90751,33,0.8195000000000001,13
9014,0.87396,34,0.7578400000000001,14
9016,0.8719900000000002,33,0.7898299999999999,18
9017,0.8165699999999994,34,0.7571800000000001,23
9018,0.8874199999999999,33,0.7847400000000002,14
9020,0.8951999999999998,39,0.8077400000000001,14
9022,0.8857,32,0.77606,9
9025,0.8961600000000002,34,0.7851899999999997,10
9026,0.90152,33,0.8034500000000001,11
9027,0.8964999999999997,32,0.8373,15
9028,0.8724300000000003,65,0.7674299999999998,14
9031,0.90401,34,0.8140400000000001,10
9032,0.8744200000000002,34,0.7991099999999994,24
9033,0.8601899999999999,47,0.7795500000000001,10
9034,0.8751399999999999,88,0.80282,15
9035,0.8577600000000003,33,0.7873300000000002,28
9037,0.8297300000000001,38,0.77039,14
9038,0.8015300000000002,34,0.7111300000000002,12
9039,0.8664499999999999,34,0.7704000000000001,13
9041,0.8908400000000003,34,0.8060100000000001,10
9042,0.8280499999999997,37,0.7448600000000002,11
9044,0.8475600000000001,36,0.7474099999999999,12
9045,0.8228200000000002,32,0.76528,10
9047,0.8089399999999998,44,0.7514399999999999,10
9048,0.8635499999999997,33,0.7591900000000001,12
9050,0.8974200000000002,59,0.8340000000000001,17
9052,0.87649,34,0.7714500000000001,15
9053,0.8722399999999998,33,0.7760899999999995,11
9055,0.86044,33,0.7602499999999998,9
9056,0.8062800000000001,30,0.7508,11
9057,0.8529100000000003,33,0.7673599999999999,15
9058,0.8843000000000003,33,0.8229299999999999,10
9059,0.8141200000000002,32,0.7453999999999997,10
9060,0.8856100000000001,34,0.8159099999999998,10
9061,0.9057599999999999,33,0.8103900000000003,9
9063,0.83517,74,0.7782499999999998,25
9064,0.8485200000000005,33,0.7849499999999999,12
9065,0.8883099999999996,33,0.7884399999999999,11
9066,0.8033199999999999,34,0.7024199999999999,9
9067,0.8428399999999998,43,0.7623399999999996,10
9068,0.88294,70,0.7803699999999997,24
9069,0.8297200000000001,34,0.7655300000000003,13
9070,0.8521600000000003,34,0.77933,10
9071,0.8615899999999997,31,0.7886699999999999,19
9072,0.8410499999999999,32,0.7404199999999999,11
9073,0.8679000000000003,34,0.78557,17
9074,0.8806600000000002,55,0.7852600000000001,10
9075,0.8830099999999999,48,0.75925,23
9076,0.85268,32,0.7698699999999996,10
9078,0.8556200000000005,34,0.7704300000000001,11
9079,0.8715499999999995,44,0.7802399999999997,11
9082,0.8868199999999997,32,0.8162200000000002,10
9083,0.8851100000000003,33,0.8040399999999996,10
9084,0.8771900000000007,34,0.8339399999999999,12
9086,0.8678599999999997,33,0.7974400000000004,14
9088,0.90441,34,0.7881899999999998,10
9089,0.90007,33,0.8358499999999996,12
9090,0.89439,34,0.8177299999999998,11
9091,0.8311,45,0.7703,10
9092,0.8038399999999999,34,0.7370299999999999,13
9093,0.8826199999999998,33,0.7739899999999998,12
9094,0.87562,35,0.7703900000000001,10
9095,0.8620699999999997,34,0.7403399999999997,10
9096,0.8686500000000001,34,0.8154500000000003,14
9097,0.8598599999999997,33,0.80458,22
9098,0.8940799999999999,41,0.7970300000000001,11
9100,0.8998500000000001,32,0.8049299999999999,10
9101,0.8471599999999999,33,0.79665,11
9102,0.8225500000000001,32,0.7404699999999999,12
9103,0.8351600000000002,33,0.7451999999999999,10
9105,0.8764300000000002,36,0.8128,9
9106,0.8563600000000003,34,0.7737999999999999,16
9107,0.8979699999999999,56,0.76003,10
9108,0.83707,33,0.7694699999999994,9
9109,0.8530100000000002,32,0.77376,11
9110,0.8622500000000001,32,0.7678500000000001,13
9112,0.8908000000000006,34,0.8194800000000001,22
9113,0.8402599999999997,40,0.7526100000000001,10
9114,0.8940700000000004,33,0.7651699999999999,12
9115,0.86472,36,0.7976999999999999,13
9116,0.8429800000000003,32,0.76585,10
9117,0.8521300000000003,33,0.7759100000000002,11
9118,0.8383900000000003,33,0.7851600000000001,10
9119,0.87854,33,0.7966500000000002,12
9120,0.8453200000000004,46,0.8116599999999997,21
9121,0.8890300000000001,34,0.7968100000000001,13
9123,0.8625500000000001,34,0.7847400000000002,12
9125,0.8340099999999999,33,0.7649299999999998,15
9127,0.81404,33,0.71179,17
9128,0.8798100000000004,33,0.7707299999999999,11
9130,0.86521,33,0.7741300000000002,10
9131,0.9149700000000002,33,0.81237,11
9132,0.8548800000000001,33,0.73012,10
9133,0.8413300000000001,34,0.7440100000000001,10
9134,0.8920500000000005,34,0.7949799999999999,13
9135,0.8811499999999998,34,0.7737799999999997,13
9137,0.84474,34,0.7850700000000004,10
9138,0.8953600000000003,33,0.8064900000000003,10
9139,0.8476,33,0.78267,11
9140,0.8489699999999999,56,0.7853100000000005,15
9141,0.8933799999999998,59,0.8130799999999999,10
9142,0.8603099999999999,92,0.7783999999999999,29
9143,0.86123,33,0.7851600000000002,10
9145,0.8617199999999998,45,0.7974199999999999,10
9147,0.8263399999999999,32,0.7379699999999998,13
9150,0.8524899999999999,34,0.7430000000000001,12
9151,0.8537100000000005,31,0.7183799999999998,14
9152,0.9006399999999996,33,0.8282599999999998,10
9153,0.85615,34,0.7843599999999998,17
9155,0.8425100000000001,47,0.7637199999999997,10
9157,0.8616899999999997,34,0.82256,12
9158,0.8492900000000002,34,0.77457,15
9159,0.8715100000000002,33,0.8092000000000001,18
9160,0.89179,32,0.81857,9
9162,0.84808,34,0.7971699999999998,13
9163,0.84693,38,0.7504999999999998,12
9165,0.8494300000000004,34,0.7609600000000002,11
9166,0.8969800000000001,37,0.8278899999999999,12
9167,0.81676,80,0.7083100000000002,20
9168,0.8823900000000003,34,0.82184,10
9169,0.8118400000000005,34,0.6960800000000001,11
9170,0.8889900000000002,33,0.8212499999999998,12
9171,0.8243999999999996,34,0.7742300000000004,10
9172,0.8431599999999999,31,0.7585900000000002,12
9174,0.8336300000000001,34,0.77779,10
9175,0.8598899999999997,33,0.7848299999999996,10
9176,0.8709000000000003,33,0.7892300000000002,13
9177,0.8673500000000002,33,0.7952699999999999,10
9179,0.8415000000000002,34,0.7617900000000003,19
9180,0.8430500000000002,34,0.7213600000000002,18
9181,0.8848800000000001,34,0.7704799999999998,15
9183,0.8799699999999996,33,0.7894399999999999,13
9184,0.8247300000000002,31,0.7854400000000001,9
9185,0.8433999999999999,34,0.7794000000000003,11
9186,0.8324299999999997,44,0.7113399999999999,11
9187,0.8614399999999998,37,0.7979000000000002,26
9188,0.8655600000000002,34,0.7820699999999996,10
9190,0.8854900000000001,33,0.7765900000000001,10
9191,0.8505900000000001,31,0.7469099999999997,13
9192,0.8331100000000002,34,0.7288899999999997,11
9193,0.8715199999999999,36,0.7825399999999999,18
9194,0.8680700000000001,41,0.79622,11
9197,0.8762700000000002,33,0.7498099999999996,12
9198,0.8767699999999998,34,0.8002699999999998,13
9202,0.8624900000000001,33,0.7761000000000001,13
9203,0.8961000000000001,33,0.7984100000000001,13
9204,0.89778,34,0.8151600000000002,15
9205,0.8321500000000003,35,0.6794499999999999,14
9206,0.8544599999999996,33,0.7820699999999999,13
9207,0.8435200000000002,33,0.7808900000000004,12
9208,0.8605799999999999,34,0.7613400000000002,12
9209,0.8095299999999999,33,0.7231299999999998,12
9210,0.9137099999999999,37,0.84468,10
9211,0.8574199999999998,33,0.79849,12
9212,0.88688,44,0.81035,13
9213,0.87228,68,0.8393400000000003,22
9214,0.8659699999999997,33,0.8021800000000003,10
9215,0.8013900000000004,32,0.7445700000000001,13
9216,0.8527400000000004,32,0.7757500000000002,14
9217,0.80245,35,0.7211200000000001,21
9218,0.8370000000000004,33,0.7552999999999999,13
9219,0.8600900000000001,33,0.7912699999999999,21
9220,0.8432100000000001,33,0.78649,11
9221,0.8740599999999996,34,0.7708300000000005,12
9222,0.8621199999999998,43,0.8086900000000001,16
9223,0.82843,33,0.7522599999999998,12
9224,0.8594500000000005,34,0.7403600000000001,14
9225,0.8253099999999999,34,0.7800499999999999,13
9226,0.8764999999999996,34,0.7886399999999999,12
9227,0.8634200000000001,37,0.8129200000000002,9
9228,0.8138299999999995,33,0.7555000000000001,10
9229,0.8344800000000008,33,0.7429099999999998,15
9230,0.8804899999999998,33,0.78522,10
9231,0.8408499999999997,47,0.7654400000000001,10
9232,0.7960399999999999,33,0.6926000000000001,12
9234,0.8881600000000001,48,0.8210600000000001,14
9235,0.86296,32,0.79214,14
9236,0.8420599999999996,32,0.7895800000000002,20
9239,0.8332499999999997,50,0.7315699999999999,15
9240,0.8373599999999997,53,0.7356799999999997,16
9241,0.8625000000000003,34,0.7873100000000001,10
9242,0.8788199999999999,34,0.8190499999999998,10
9243,0.8334200000000003,34,0.7523899999999999,14
9245,0.81859,34,0.7782600000000001,12
9246,0.8869700000000003,34,0.8179800000000002,9
9247,0.8569599999999998,52,0.7661999999999999,11
9248,0.8874299999999999,34,0.7886299999999999,13
9249,0.8635999999999997,32,0.7484200000000001,12
9250,0.8314400000000003,31,0.7529900000000002,9
9251,0.8913199999999998,32,0.7905200000000002,17
9252,0.8791999999999999,34,0.7918999999999998,10
9253,0.8607600000000004,32,0.7793399999999999,13
9254,0.89709,34,0.8289100000000001,12
9255,0.8710600000000001,33,0.73578,11
9256,0.8691500000000002,33,0.7376200000000002,10
9257,0.8396700000000001,41,0.7290799999999998,12
9258,0.7960499999999997,52,0.7050899999999999,13
9259,0.8500600000000003,33,0.7321799999999997,15
9260,0.8375400000000003,33,0.7465600000000002,10
9261,0.8776500000000005,33,0.8244300000000002,15
9262,0.8944500000000002,47,0.7934300000000004,16
9263,0.88862,33,0.80077,13
9266,0.8840399999999999,35,0.8175800000000001,11
9268,0.8887999999999998,32,0.8148800000000004,17
9269,0.8701499999999999,33,0.7683799999999998,9
9270,0.85647,33,0.7916600000000001,18
9271,0.8858200000000004,34,0.7978799999999998,14
9273,0.8694700000000004,47,0.7923199999999997,13
9275,0.8467499999999998,34,0.79397,15
9276,0.8801299999999999,33,0.7859900000000002,10
9277,0.86665,33,0.7889400000000003,9
9278,0.86019,34,0.7885700000000001,11
9280,0.8915,34,0.8075400000000001,12
9282,0.84984,35,0.7524299999999998,14
9283,0.8808800000000001,37,0.7814299999999997,13
9284,0.85602,32,0.7501299999999996,13
9288,0.8708100000000002,34,0.7700599999999994,16
9289,0.9201499999999996,34,0.7978500000000001,10
9290,0.8635099999999999,32,0.7725400000000002,12
9291,0.8413099999999999,57,0.7427999999999999,24
9292,0.8408199999999998,34,0.7663500000000003,9
9293,0.80522,34,0.7694100000000003,12
9294,0.8746900000000002,34,0.7713399999999999,10
9295,0.8529800000000003,34,0.72905,10
9296,0.8627000000000004,32,0.80151,18
9297,0.8677100000000003,32,0.7793799999999999,18
9298,0.8550800000000003,48,0.7622599999999999,11
9299,0.8456799999999994,35,0.7748899999999999,13
9300,0.8860499999999998,33,0.78075,12
9301,0.8467100000000001,34,0.7810100000000001,14
9302,0.87216,34,0.7668999999999998,17
9303,0.87785,58,0.7797000000000002,16
9304,0.8781499999999999,32,0.8140699999999998,16
9305,0.8321900000000002,34,0.7436699999999999,12
9307,0.8651099999999995,34,0.8203899999999997,14
9309,0.8876799999999999,33,0.80073,11
9310,0.8354100000000001,38,0.7796000000000002,12
9311,0.8339100000000004,33,0.73381,12
9312,0.8864800000000004,34,0.7809200000000002,12
9313,0.8859899999999999,34,0.7724300000000001,10
9315,0.9175599999999996,32,0.8136999999999999,13
9316,0.8064900000000002,32,0.74118,15
9317,0.8170099999999999,54,0.76858,16
9318,0.8484999999999997,54,0.7884699999999999,13
9319,0.87338,34,0.78411,10
9321,0.8876400000000005,32,0.8106700000000001,10
9322,0.8763400000000001,33,0.8141200000000004,10
9323,0.80632,32,0.7325499999999999,12
9324,0.8386099999999996,42,0.76083,9
9327,0.88697,48,0.8058799999999998,12
9328,0.8800800000000005,33,0.8002300000000001,11
9329,0.8606199999999995,34,0.7566600000000001,11
9330,0.8076199999999999,33,0.7274500000000002,10
9331,0.8461899999999999,34,0.7710600000000002,11
9333,0.8777700000000003,34,0.7826,11
9334,0.7968299999999998,82,0.7213299999999999,15
9335,0.8541899999999997,33,0.7838800000000004,10
9337,0.8233499999999999,58,0.71691,11
9339,0.8395900000000002,33,0.76539,12
9341,0.8588499999999993,38,0.7954100000000004,11
9342,0.84927,34,0.7473899999999997,21
9343,0.8531600000000001,34,0.7656299999999999,13
9344,0.85072,34,0.8223400000000001,10
9345,0.8676800000000003,34,0.79309,15
9347,0.8575499999999999,32,0.7675600000000001,13
9348,0.8840900000000002,34,0.7973099999999999,10
9349,0.8363600000000007,35,0.7739200000000004,11
9350,0.8872499999999995,33,0.7916199999999999,12
9353,0.8402700000000004,33,0.7391599999999999,12
9354,0.8571000000000001,33,0.7400000000000001,13
9356,0.8853299999999996,33,0.8283300000000001,15
9357,0.9049199999999997,34,0.79958,10
9358,0.8945299999999997,32,0.8009300000000001,10
9359,0.88559,40,0.7457299999999998,12
9360,0.8711200000000001,33,0.8154099999999999,11
9361,0.8439399999999998,55,0.7928000000000002,20
9362,0.8528299999999999,35,0.6661899999999997,10
9365,0.8768900000000004,60,0.7978299999999998,15
9366,0.8056799999999995,33,0.6981200000000003,10
9367,0.8863400000000002,45,0.7792799999999999,11
9368,0.8188900000000002,31,0.75618,15
9369,0.8944999999999997,45,0.8111099999999999,16
9370,0.8734500000000002,34,0.7756899999999995,14
9371,0.9147599999999997,44,0.8358500000000001,9
9372,0.8933399999999999,33,0.8307799999999999,10
9373,0.8491600000000007,35,0.7276900000000004,9
9374,0.8716600000000001,32,0.7518600000000001,14
9375,0.8593099999999996,32,0.7501000000000001,9
9376,0.8935099999999998,34,0.7681100000000002,14
9377,0.8747399999999997,34,0.8084900000000004,15
9379,0.90038,34,0.7712799999999997,11
9380,0.7984600000000003,43,0.74973,10
9381,0.8362400000000002,33,0.7773199999999999,11
9382,0.8689900000000002,47,0.8094300000000001,10
9385,0.8531100000000004,33,0.75059,13
9386,0.8088900000000002,33,0.7378900000000002,11
9387,0.8873100000000003,33,0.8054100000000001,10
9388,0.89235,33,0.8055100000000002,14
9389,0.8643699999999996,33,0.7836200000000001,20
9390,0.85134,34,0.7901900000000001,11
9391,0.8878800000000004,33,0.8119300000000004,10
9392,0.8579699999999997,33,0.7659999999999999,10
9393,0.83116,32,0.73066,10
9394,0.8803000000000003,32,0.8051,12
9395,0.8628399999999995,33,0.77527,10
9396,0.8268100000000005,34,0.75642,10
9397,0.83012,32,0.6983799999999999,19
9398,0.85171,55,0.8157,11
9399,0.88826,41,0.8076500000000002,15
9400,0.8374300000000002,47,0.76878,10
9402,0.8799000000000006,33,0.7964100000000001,15
9403,0.8102000000000003,33,0.7460899999999999,12
9404,0.8808199999999998,33,0.7922599999999999,10
9405,0.9122500000000001,32,0.8021799999999999,12
9406,0.7980100000000003,32,0.75607,10
9407,0.8860299999999995,46,0.8239100000000001,13
9408,0.8862000000000002,33,0.7950000000000002,10
9409,0.84342,32,0.7581299999999999,14
9412,0.8973900000000005,74,0.8062699999999999,20
9414,0.87412,33,0.7563900000000002,9
9415,0.8708699999999999,58,0.7865699999999998,24
9416,0.9003200000000002,33,0.8230400000000003,11
9417,0.8308199999999999,33,0.7758899999999999,12
9419,0.8933899999999998,33,0.82899,18
9420,0.8401500000000002,33,0.7589199999999999,17
9421,0.8674799999999998,33,0.7980100000000001,11
9422,0.8398099999999998,33,0.7354299999999996,10
9423,0.8630700000000001,41,0.7981399999999996,15
9424,0.8812199999999997,41,0.78008,10
9425,0.8149000000000004,42,0.7668799999999998,14
9426,0.8802100000000004,60,0.7987100000000004,19
9427,0.8079700000000003,32,0.74205,11
9428,0.84265,35,0.7357199999999999,14
9430,0.9012699999999999,34,0.7943399999999999,12
9431,0.8587999999999996,34,0.8021999999999997,10
9432,0.8651500000000002,34,0.78345,15
9433,0.8338300000000003,33,0.7901099999999999,15
9434,0.8430100000000001,33,0.73797,15
9435,0.85733,32,0.7763300000000001,12
9437,0.8725899999999999,34,0.7616799999999999,10
9438,0.8770600000000002,32,0.81844,9
9439,0.88216,33,0.8177800000000004,11
9440,0.83583,64,0.7420700000000001,17
9441,0.8353799999999998,34,0.7899299999999999,9
9443,0.8954999999999999,32,0.7911800000000001,12
9445,0.8900100000000003,33,0.77152,15
9446,0.86555,54,0.7802699999999999,13
9448,0.8361699999999999,43,0.7823,16
9449,0.8837399999999999,38,0.7899599999999998,11
9450,0.8542199999999999,33,0.7580900000000002,13
9451,0.8191799999999999,30,0.7728700000000001,10
9452,0.8574800000000002,33,0.7732999999999999,11
9453,0.8519300000000004,34,0.7559,18
9454,0.8565099999999998,31,0.7707800000000004,12
9455,0.8459700000000001,39,0.76752,13
9456,0.9157,37,0.8109900000000003,11
9457,0.8921199999999998,37,0.8163599999999995,11
9460,0.8227199999999997,33,0.78911,9
9461,0.8708500000000001,33,0.7935500000000001,10
9462,0.8154199999999999,44,0.7732199999999998,15
9463,0.8872000000000001,34,0.7755799999999994,13
9464,0.8983200000000005,33,0.78185,16
9465,0.8427799999999999,36,0.7609999999999999,15
9466,0.86142,33,0.8120299999999999,13
9468,0.86676,33,0.7644799999999998,10
9469,0.8802300000000003,34,0.8067300000000001,10
9470,0.8080399999999999,32,0.7858600000000001,13
9472,0.8614600000000001,34,0.7527900000000001,10
9473,0.8377500000000003,33,0.7191600000000001,11
9474,0.8932700000000001,36,0.80635,15
9475,0.86112,33,0.7807499999999997,11
9476,0.8794300000000004,34,0.79342,13
9477,0.8047799999999998,33,0.6468200000000001,12
9478,0.8802000000000001,33,0.8068999999999998,11
9479,0.8026300000000001,33,0.7580599999999998,29
9480,0.8598699999999999,34,0.7472099999999997,18
9481,0.8501499999999997,34,0.7762899999999998,9
9483,0.8760600000000001,32,0.7697399999999994,11
9484,0.8760299999999996,33,0.8196499999999999,10
9485,0.8342499999999999,34,0.7247700000000001,10
9486,0.8943499999999996,36,0.81916,16
9487,0.8343199999999997,33,0.7816399999999999,12
9488,0.8614400000000002,34,0.7623199999999997,11
9490,0.8173899999999996,32,0.7701600000000001,10
9492,0.8214200000000002,55,0.7434599999999998,20
9493,0.8602100000000001,34,0.78632,24
9495,0.8271299999999998,33,0.7469299999999996,14
9496,0.8055399999999999,34,0.7295099999999999,11
9497,0.88262,67,0.7897799999999999,14
9499,0.8697300000000002,40,0.7982799999999999,10
9500,0.8360799999999999,33,0.7798799999999997,15
9501,0.8415,33,0.7329499999999998,12
9502,0.82355,32,0.7682500000000002,10
9503,0.85025,32,0.7857299999999998,12
9504,0.8325899999999998,34,0.7472500000000001,12
9505,0.8353499999999997,32,0.7527600000000001,11
9506,0.8602199999999999,41,0.7643300000000001,10
9507,0.8681900000000004,34,0.79878,10
9508,0.8453700000000002,34,0.7696000000000001,9
9509,0.8599199999999999,33,0.7544300000000004,16
9510,0.8554399999999999,54,0.7273499999999996,15
9511,0.8156200000000001,33,0.7709599999999998,15
9512,0.8539800000000001,33,0.7845999999999996,11
9513,0.8741500000000003,33,0.80684,37
9515,0.8808900000000005,32,0.7820700000000004,10
9516,0.8352900000000004,33,0.7512200000000001,23
9517,0.8732900000000002,35,0.79307,12
9518,0.8868699999999999,41,0.8132499999999999,9
9519,0.8779399999999999,33,0.77534,10
9521,0.8852600000000003,34,0.8206199999999997,10
9522,0.8170400000000001,34,0.7075399999999997,11
9523,0.86925,33,0.77543,15
9524,0.8487999999999997,33,0.7493499999999998,17
9525,0.8277199999999998,33,0.7238300000000002,10
9526,0.8724500000000002,45,0.8180300000000001,13
9527,0.8913199999999998,34,0.7922200000000004,16
9528,0.79818,34,0.7589900000000002,10
9529,0.8546199999999997,39,0.8191300000000002,10
9530,0.8503899999999999,34,0.7700599999999999,10
9531,0.7879100000000002,32,0.67535,11
9532,0.8171499999999996,34,0.7413700000000002,10
9533,0.8754000000000004,33,0.7977599999999999,13
9534,0.8876099999999997,40,0.7843200000000005,12
9535,0.8146599999999998,33,0.7637100000000001,17
9536,0.86449,33,0.8035800000000005,10
9537,0.8493000000000002,33,0.7326399999999998,15
9538,0.8684400000000002,33,0.77559,13
9541,0.8482599999999999,33,0.7873599999999997,11
9542,0.8178499999999999,44,0.7566200000000001,12
9543,0.8613100000000002,34,0.7560700000000001,11
9544,0.8596300000000001,33,0.7686600000000001,16
9545,0.8815100000000002,75,0.7713399999999999,16
9546,0.8511799999999999,33,0.77608,14
9547,0.8314500000000001,34,0.7280299999999998,10
9548,0.8808900000000004,34,0.8073099999999998,20
9549,0.8391700000000004,45,0.7527399999999997,20
9550,0.8426800000000003,41,0.7422299999999994,9
9551,0.8586199999999998,33,0.7920800000000001,15
9552,0.8527899999999997,42,0.74249,11
9553,0.8777000000000004,34,0.7963600000000001,11
9554,0.83698,65,0.7667999999999999,22
9555,0.8975300000000003,34,0.8093500000000001,10
9556,0.8215299999999999,49,0.70344,12
9557,0.8446000000000004,34,0.7459600000000002,9
9558,0.8272200000000002,33,0.70985,11
9559,0.8867000000000006,33,0.80274,13
9560,0.8359599999999999,32,0.7117599999999998,12
9561,0.8712099999999998,33,0.81839,12
9562,0.8938700000000003,32,0.7879700000000003,10
9564,0.8464999999999999,33,0.7599999999999997,15
9565,0.8822999999999998,39,0.82104,10
9566,0.89366,33,0.8056300000000001,16
9567,0.89801,32,0.8259499999999999,10
9568,0.8403599999999994,37,0.76449,10
9571,0.8632799999999997,49,0.7202200000000001,10
9572,0.83256,36,0.7396499999999996,20
9573,0.88597,32,0.7793399999999999,15
9574,0.8607600000000001,34,0.7989,10
9575,0.8640000000000001,33,0.7828500000000003,12
9576,0.8622500000000001,32,0.8059500000000003,15
9577,0.8222500000000004,33,0.7489500000000001,9
9582,0.8452899999999995,33,0.7811900000000002,10
9583,0.8539200000000001,77,0.7902899999999999,32
9584,0.8577600000000003,32,0.7383499999999998,10
9585,0.8951200000000001,34,0.79888,12
9586,0.8581499999999993,33,0.7799400000000003,18
9587,0.8384100000000001,33,0.7697900000000001,10
9588,0.8739000000000001,30,0.80281,10
9589,0.8733899999999997,36,0.8154400000000002,15
9590,0.8627300000000002,33,0.7822699999999999,14
9591,0.8593199999999999,33,0.7685800000000002,14
9592,0.8715000000000002,34,0.7917500000000001,32
9593,0.8333900000000003,34,0.75076,12
9595,0.9243499999999994,34,0.85334,11
9596,0.8726100000000002,34,0.8262000000000002,12
9598,0.8703099999999999,34,0.7511599999999998,11
9599,0.86354,34,0.79718,10
9600,0.8348299999999996,33,0.7664199999999998,10
9601,0.9082199999999997,34,0.8083199999999998,10
9602,0.8005400000000001,32,0.7129999999999999,13
9604,0.83166,34,0.68661,10
9605,0.8162400000000004,84,0.7750699999999999,32
9606,0.8561000000000004,33,0.7771499999999998,15
9607,0.8321299999999997,32,0.7503499999999999,16
9608,0.8430599999999999,34,0.8080000000000003,11
9609,0.8681000000000002,33,0.8116400000000001,16
9610,0.8207599999999999,33,0.7542400000000002,10
9611,0.8899700000000001,49,0.81556,15
9612,0.8199900000000001,32,0.7018899999999999,16
9613,0.84515,33,0.7792900000000001,12
9614,0.8664000000000001,34,0.7939400000000005,9
9615,0.8727999999999995,33,0.7431,12
9618,0.8765700000000003,33,0.7989700000000001,12
9619,0.8674300000000003,34,0.7455200000000001,12
9620,0.8395,35,0.7770199999999999,15
9621,0.8265699999999999,40,0.7648699999999999,10
9623,0.8345,52,0.7688200000000002,16
9624,0.8331999999999999,32,0.7687400000000001,11
9625,0.8890100000000003,32,0.7896399999999997,12
9627,0.8866300000000003,52,0.7943499999999998,25
9628,0.8566199999999998,33,0.7414799999999997,12
9630,0.8498799999999999,33,0.7786799999999998,12
9631,0.8816500000000004,32,0.75645,11
9632,0.85102,34,0.7896200000000003,11
9633,0.8993699999999997,32,0.8119000000000001,12
9634,0.84787,33,0.80267,13
9635,0.8788100000000003,36,0.7659999999999999,15
9636,0.7809099999999995,32,0.75601,13
9637,0.8654599999999999,34,0.7838999999999996,15
9638,0.8592800000000002,32,0.7909500000000004,12
9639,0.85089,51,0.7703100000000002,12
9640,0.7986399999999999,32,0.7334799999999998,15
9641,0.8385100000000003,34,0.7526999999999999,10
9642,0.8820200000000002,33,0.8094299999999996,16
9643,0.8851099999999996,35,0.8214100000000003,10
9645,0.8962700000000002,34,0.7816299999999999,12
9646,0.8447599999999998,33,0.8086099999999999,19
9647,0.8136199999999999,99,0.7594299999999999,20
9648,0.8434600000000002,34,0.7340800000000004,14
9649,0.8245899999999999,55,0.7533900000000004,13
9650,0.8100699999999996,34,0.7403300000000002,12
9651,0.8842699999999999,33,0.74091,14
9652,0.8388800000000001,33,0.7444200000000003,15
9653,0.83869,33,0.7233099999999998,11
9654,0.82824,33,0.75725,12
9655,0.8647900000000004,34,0.77468,16
9656,0.8816700000000004,46,0.8075,10
9657,0.8135199999999998,33,0.7111799999999999,10
9658,0.8039400000000003,38,0.75976,10
9659,0.8787600000000001,41,0.79485,14
9660,0.86815,69,0.77939,28
9661,0.8399199999999999,33,0.7807099999999997,16
9662,0.8808900000000002,33,0.8067300000000003,10
9663,0.7930500000000003,34,0.6782699999999997,16
9665,0.8215200000000001,33,0.6977000000000001,11
9667,0.8596100000000007,33,0.7563300000000001,12
9668,0.8289999999999996,34,0.74733,9
9670,0.9088999999999995,33,0.8315999999999998,10
9671,0.8758200000000003,41,0.8014499999999997,9
9672,0.7979600000000002,62,0.6762099999999998,16
9673,0.7972000000000001,33,0.7522999999999996,10
9674,0.8559499999999999,33,0.7672,17
9675,0.8668599999999996,33,0.7778199999999998,10
9676,0.8584999999999999,34,0.7865500000000002,10
9677,0.8395199999999999,33,0.7573199999999997,14
9679,0.8958999999999996,33,0.8099000000000001,12
9680,0.8667400000000001,59,0.7470500000000001,19
9681,0.89024,37,0.7917099999999999,13
9683,0.82327,33,0.6800999999999998,13
9684,0.85114,50,0.7603800000000001,10
9685,0.8447299999999995,33,0.74846,13
9686,0.8097800000000003,33,0.7172299999999997,27
9687,0.8067500000000003,31,0.7666800000000003,11
9688,0.8466800000000002,90,0.7755200000000001,10
9689,0.8147899999999996,45,0.7632500000000003,11
9690,0.8696800000000008,34,0.7759699999999999,13
9691,0.9059,32,0.8402,15
9692,0.8815900000000003,33,0.8210099999999997,11
9693,0.8813700000000001,33,0.8168699999999997,14
9694,0.8622700000000001,40,0.8199799999999996,9
9695,0.8986199999999998,34,0.8165999999999998,10
9698,0.8892699999999999,32,0.7911000000000002,14
9699,0.8972000000000004,39,0.8153500000000001,12
9701,0.82609,34,0.7371599999999999,18
9702,0.8628899999999995,33,0.7481800000000001,11
9703,0.8562299999999999,33,0.7930399999999997,14
9704,0.8473299999999996,32,0.7460899999999999,11
9705,0.8844100000000006,33,0.8157599999999999,10
9706,0.8627899999999998,34,0.7840199999999998,14
9707,0.8863900000000001,31,0.7920100000000005,10
9708,0.8288600000000003,34,0.7349899999999998,11
9709,0.80554,33,0.7110699999999999,11
9710,0.8985199999999999,60,0.8098499999999997,13
9711,0.8206099999999998,32,0.7510999999999997,12
9712,0.80997,34,0.7516100000000001,13
9714,0.8055100000000003,38,0.7717400000000001,11
9715,0.8306900000000002,33,0.7637899999999996,10
9716,0.9029800000000008,32,0.8195400000000004,13
9717,0.8374300000000003,34,0.8018400000000004,16
9718,0.8431300000000003,34,0.75121,12
9719,0.8682100000000003,33,0.78908,10
9720,0.8353900000000002,50,0.7789100000000002,14
9723,0.8381799999999999,46,0.7638599999999998,10
9725,0.8350799999999998,34,0.7329700000000001,18
9729,0.8089799999999999,33,0.6938099999999997,11
9730,0.8852399999999992,34,0.8026900000000002,11
9731,0.86765,33,0.7676000000000001,11
9732,0.8741499999999999,33,0.82646,12
9733,0.8425200000000004,34,0.7828099999999997,11
9736,0.8968000000000004,38,0.7878299999999999,10
9737,0.8678700000000004,32,0.7317499999999998,13
9738,0.8667199999999998,31,0.7512000000000002,16
9739,0.8376600000000001,34,0.7621699999999997,10
9740,0.8466400000000001,34,0.7615799999999999,10
9741,0.8123400000000001,34,0.7546600000000002,14
9742,0.8413,35,0.7651500000000001,9
9743,0.8593500000000003,33,0.8188999999999994,16
9744,0.8692900000000006,36,0.7675299999999998,9
9745,0.8556000000000001,33,0.75028,11
9746,0.8777199999999997,34,0.7865800000000003,10
9747,0.8812499999999999,48,0.7725799999999997,14
9748,0.7664500000000001,34,0.6607999999999998,10
9749,0.8365500000000001,34,0.7571500000000002,25
9751,0.8537699999999997,33,0.8018100000000001,15
9752,0.9096000000000004,33,0.8034600000000002,20
9753,0.83352,33,0.7536700000000003,12
9754,0.8524899999999996,42,0.7764700000000004,10
9755,0.8514700000000001,32,0.7628199999999998,13
9756,0.8635000000000004,46,0.7825900000000001,14
9757,0.8520600000000002,33,0.7837999999999998,14
9758,0.8447500000000001,33,0.7719099999999999,15
9760,0.85206,34,0.7846499999999997,10
9762,0.8820099999999997,34,0.7947500000000004,12
9764,0.8606500000000001,38,0.75937,10
9765,0.8664700000000002,33,0.8110500000000002,12
9766,0.87128,33,0.7908799999999998,11
9767,0.8634400000000005,35,0.78557,10
9768,0.8777600000000005,33,0.7829299999999999,10
9769,0.8405799999999999,34,0.7467399999999997,13
9771,0.8166199999999998,34,0.7404700000000003,12
9772,0.8624499999999997,33,0.7269000000000002,15
9773,0.85119,33,0.7753399999999999,14
9776,0.7939900000000002,51,0.7019200000000002,9
9778,0.8753199999999999,33,0.7953399999999999,10
9779,0.8644099999999999,32,0.7773100000000001,11
9780,0.8331800000000001,55,0.7551000000000001,15
9781,0.85013,34,0.7477499999999998,11
9782,0.8770699999999999,33,0.7931800000000001,27
9783,0.8191000000000004,33,0.7369500000000002,12
9785,0.8247,33,0.7133800000000001,13
9786,0.8829100000000001,34,0.7966100000000002,11
9787,0.8808499999999999,33,0.80477,13
9788,0.8455899999999998,32,0.78976,16
9789,0.79998,33,0.6535100000000001,14
9790,0.81443,33,0.7688899999999999,10
9792,0.8898900000000003,34,0.8028600000000001,13
9793,0.8793099999999998,33,0.8392999999999998,25
9795,0.83488,34,0.7928799999999997,12
9796,0.8760600000000005,32,0.7972400000000002,12
9797,0.8872400000000001,35,0.8034400000000003,16
9799,0.84816,35,0.7247200000000003,15
9801,0.8683300000000002,34,0.7494200000000001,12
9802,0.8427799999999999,38,0.80475,9
9803,0.8098400000000001,58,0.75338,10
9805,0.8487299999999999,33,0.7821900000000003,11
9806,0.8742700000000001,37,0.7867600000000001,13
9807,0.83663,32,0.7478099999999999,10
9808,0.8403400000000003,33,0.8157699999999999,16
9809,0.8809899999999999,32,0.8156599999999997,10
9810,0.8878500000000001,33,0.7487499999999997,15
9812,0.8500499999999996,35,0.7156199999999999,10
9813,0.8602599999999998,35,0.7941800000000001,19
9815,0.8603400000000003,34,0.7957599999999999,11
9816,0.8768700000000001,33,0.8179100000000002,10
9819,0.8716499999999996,35,0.8068500000000002,13
9820,0.8699499999999999,33,0.7803300000000002,13
9821,0.8676699999999999,34,0.8161200000000005,19
9822,0.8975799999999998,33,0.8284199999999999,10
9823,0.8486899999999999,33,0.7746700000000003,13
9824,0.8649700000000005,34,0.7657800000000003,10
9825,0.8892800000000005,33,0.7918999999999998,10
9826,0.89346,34,0.8055199999999999,16
9827,0.8646100000000001,32,0.8013699999999997,11
9828,0.8826500000000002,33,0.8054800000000002,19
9829,0.8594099999999999,34,0.8028500000000001,9
9831,0.8804700000000003,46,0.8299599999999998,14
9832,0.8511700000000003,34,0.7726299999999999,13
9833,0.82148,33,0.7399699999999997,9
9834,0.90167,35,0.7931699999999998,13
9835,0.8454800000000005,33,0.7449799999999996,11
9838,0.8598699999999999,34,0.7790900000000001,11
9839,0.8213900000000004,31,0.7442600000000001,14
9840,0.8236099999999997,32,0.7750600000000002,12
9842,0.8002100000000002,33,0.7536400000000002,20
9843,0.83833,32,0.7610899999999999,11
9844,0.88787,33,0.79307,18
9845,0.8144000000000001,59,0.7519100000000001,14
9846,0.8291600000000001,33,0.7146999999999997,13
9847,0.8316399999999997,32,0.7875499999999999,13
9848,0.8382299999999998,34,0.8128099999999998,13
9849,0.8058099999999997,33,0.7813,10
9850,0.8128800000000003,33,0.7397799999999995,15
9851,0.88794,34,0.8069399999999998,10
9852,0.8696900000000005,55,0.7582100000000002,13
9853,0.8362600000000004,34,0.7677499999999998,10
9854,0.8872600000000006,33,0.8144000000000001,13
9855,0.8487800000000001,32,0.80136,20
9856,0.8898299999999999,32,0.8101200000000002,11
9857,0.8812399999999998,33,0.7603900000000001,12
9858,0.86472,33,0.7582600000000004,11
9859,0.8548299999999994,33,0.8380300000000003,13
9860,0.9054700000000001,32,0.8356600000000001,25
9861,0.8664400000000001,39,0.77203,9
9862,0.8328799999999997,34,0.7781100000000002,10
9864,0.8604399999999996,33,0.8060300000000005,15
9870,0.8338299999999998,31,0.7393299999999998,10
9871,0.8336699999999999,33,0.77575,17
9872,0.8344999999999998,32,0.7754899999999998,10
9873,0.8141400000000003,33,0.7786300000000002,18
9874,0.8469200000000001,33,0.78196,10
9875,0.8521199999999997,36,0.7063000000000001,12
9876,0.8668400000000004,34,0.8126900000000002,15
9877,0.8955900000000001,32,0.8367,13
9878,0.85759,36,0.79071,9
9879,0.8828600000000004,37,0.7731100000000002,12
9881,0.8265000000000002,37,0.70835,13
9883,0.8324099999999998,33,0.7647200000000005,11
9884,0.8782,33,0.8144099999999996,12
9885,0.8849899999999995,34,0.7709100000000005,13
9888,0.8670900000000004,33,0.77116,15
9889,0.8736700000000001,35,0.7786999999999996,11
9890,0.8337899999999996,33,0.71718,10
9891,0.8557999999999997,33,0.78837,10
9892,0.8785200000000001,33,0.76744,10
9893,0.8820000000000003,44,0.8257799999999998,12
9894,0.8546600000000001,33,0.7791799999999999,15
9895,0.8785000000000001,34,0.8186200000000002,14
9896,0.8227900000000001,34,0.7681900000000002,10
9897,0.8803699999999995,37,0.75836,13
9898,0.8837800000000001,34,0.8055799999999997,26
9900,0.8165299999999999,71,0.7798,15
9901,0.8699400000000004,33,0.7858399999999999,10
9903,0.8822500000000001,34,0.8167800000000001,12
9904,0.8706400000000005,52,0.77899,10
9905,0.8779099999999999,33,0.7902600000000001,13
9906,0.8451699999999996,34,0.7827800000000003,10
9907,0.8404599999999998,34,0.74244,14
9908,0.8694,34,0.8006800000000004,17
9909,0.91181,33,0.8264800000000004,10
9913,0.8349400000000001,34,0.7529600000000001,13
9914,0.7765000000000006,33,0.69855,11
9915,0.8339,38,0.7066399999999997,10
9917,0.8335199999999997,33,0.7555799999999999,14
9918,0.81756,32,0.6791799999999999,13
9920,0.8507799999999999,43,0.7620100000000001,14
9923,0.8532600000000001,34,0.76665,12
9925,0.8797699999999996,32,0.8158499999999996,11
9926,0.8700700000000005,62,0.81301,15
9927,0.8848600000000002,31,0.79485,13
9928,0.8514200000000003,32,0.7745000000000001,16
9929,0.8512000000000003,34,0.7856300000000006,18
9930,0.8655000000000002,60,0.7829000000000002,15
9931,0.8384400000000005,42,0.7779299999999993,12
9932,0.8768300000000003,33,0.7889099999999999,17
9935,0.88292,34,0.8296700000000002,11
9936,0.8529399999999998,31,0.7920100000000001,11
9938,0.8380299999999997,33,0.7279000000000002,10
9939,0.8971300000000006,32,0.8234800000000001,11
9940,0.8598799999999995,57,0.7695799999999998,15
9942,0.8825299999999997,30,0.8244000000000002,10
9943,0.8389100000000002,32,0.7572199999999997,14
9944,0.8730699999999999,33,0.7953800000000001,11
9945,0.8604200000000003,34,0.7681200000000001,13
9946,0.8600299999999999,33,0.7624499999999997,16
9948,0.8595999999999995,32,0.7241799999999999,11
9949,0.8552600000000001,32,0.7539800000000002,10
9950,0.8794299999999999,33,0.7982599999999997,9
9951,0.8746000000000003,32,0.7719299999999998,12
9952,0.8458799999999997,33,0.7983500000000006,9
9954,0.8608000000000002,34,0.7793100000000003,11
9956,0.8484100000000001,32,0.8171200000000001,9
9957,0.8568499999999999,30,0.80124,15
9958,0.8609799999999997,33,0.79226,10
9959,0.8196700000000001,34,0.7249000000000001,9
9960,0.88488,31,0.7485299999999999,10
9961,0.8538700000000001,33,0.7640099999999999,12
9963,0.8184199999999997,31,0.7688499999999999,10
9964,0.8704600000000002,34,0.8069300000000001,17
9965,0.8923299999999996,32,0.8134100000000002,10
9966,0.8684000000000002,32,0.7728800000000001,13
9967,0.8004099999999998,33,0.7094499999999998,12
9968,0.8944799999999999,34,0.8131899999999999,22
9969,0.8529600000000002,32,0.80128,11
9970,0.8361499999999994,34,0.7587900000000001,9
9971,0.8868699999999999,33,0.8199900000000006,12
9972,0.8708400000000002,33,0.79251,10
9974,0.7992299999999999,33,0.7338899999999998,11
9975,0.8767900000000004,34,0.8060100000000001,22
9976,0.8675400000000001,33,0.7620899999999996,16
9977,0.8213799999999999,36,0.7067499999999999,15
9980,0.8177700000000001,33,0.7857,15
9981,0.8684299999999999,32,0.7880300000000001,14
9982,0.8244999999999999,32,0.7419600000000002,10
9983,0.8558800000000002,34,0.7958600000000001,11
9984,0.8246500000000003,34,0.7214400000000003,11
9985,0.8391999999999997,34,0.7939499999999998,28
9986,0.8618899999999999,33,0.7525,17
9987,0.8727800000000001,34,0.7568899999999998,12
9988,0.8691799999999996,32,0.8285499999999998,11
9989,0.8365500000000001,34,0.7585200000000001,14
9990,0.8597000000000005,34,0.7669399999999998,24
9991,0.8831200000000001,33,0.7663299999999998,10
9992,0.8744700000000002,33,0.8241500000000002,11
9993,0.86643,33,0.7499499999999998,10
9994,0.8004899999999998,50,0.7405900000000003,10
9995,0.8718400000000002,47,0.76051,9
9996,0.8752200000000003,39,0.7522599999999997,12
9997,0.8837499999999998,35,0.7850499999999999,9
9998,0.7837,33,0.66436,10
9999,0.81682,32,0.7292399999999998,12
10000,0.81793,33,0.72199,13
10001,0.9067799999999998,33,0.8313100000000001,11
10002,0.9047599999999999,59,0.8225599999999998,24
10003,0.8522500000000002,34,0.77019,11
10004,0.8569199999999999,34,0.7941299999999998,17
10005,0.87579,34,0.7807300000000004,9
10006,0.8876500000000006,34,0.8351199999999999,12
10007,0.8354999999999998,34,0.8051500000000001,12
10008,0.9079499999999999,33,0.8236499999999998,10
